Address_ID,Address_Line,City
ADD0001,1 MG Road,Chennai
ADD0002,2 MG Road,Delhi
ADD0003,3 MG Road,Delhi
ADD0004,4 MG Road,Bangalore
ADD0005,5 MG Road,Noida
ADD0006,6 MG Road,Bangalore
ADD0007,7 MG Road,Noida
ADD0008,8 MG Road,Noida
ADD0009,9 MG Road,Delhi
ADD0010,10 MG Road,Delhi
ADD0011,11 MG Road,Noida
ADD0012,12 MG Road,Delhi
ADD0013,13 MG Road,Delhi
ADD0014,14 MG Road,Chennai
ADD0015,15 MG Road,Bangalore
ADD0016,16 MG Road,Delhi
ADD0017,17 MG Road,Chennai
ADD0018,18 MG Road,Bangalore
ADD0019,19 MG Road,Noida
ADD0020,20 MG Road,Noida
ADD0021,21 MG Road,Noida
ADD0022,22 MG Road,Bangalore
ADD0023,23 MG Road,Chennai
ADD0024,24 MG Road,Chennai
ADD0025,25 MG Road,Delhi
ADD0026,26 MG Road,Mumbai
ADD0027,27 MG Road,Chennai
ADD0028,28 MG Road,Noida
ADD0029,29 MG Road,Chennai
ADD0030,30 MG Road,Noida
ADD0031,31 MG Road,Chennai
ADD0032,32 MG Road,Noida
ADD0033,33 MG Road,Mumbai
ADD0034,34 MG Road,Noida
ADD0035,35 MG Road,Noida
ADD0036,36 MG Road,Noida
ADD0037,37 MG Road,Delhi
ADD0038,38 MG Road,Delhi
ADD0039,39 MG Road,Delhi
ADD0040,40 MG Road,Noida
ADD0041,41 MG Road,Bangalore
ADD0042,42 MG Road,Bangalore
ADD0043,43 MG Road,Delhi
ADD0044,44 MG Road,Noida
ADD0045,45 MG Road,Noida
ADD0046,46 MG Road,Bangalore
ADD0047,47 MG Road,Mumbai
ADD0048,48 MG Road,Mumbai
ADD0049,49 MG Road,Delhi
ADD0050,50 MG Road,Mumbai
ADD0051,51 MG Road,Chennai
ADD0052,52 MG Road,Delhi
ADD0053,53 MG Road,Delhi
ADD0054,54 MG Road,Chennai
ADD0055,55 MG Road,Noida
ADD0056,56 MG Road,Delhi
ADD0057,57 MG Road,Delhi
ADD0058,58 MG Road,Chennai
ADD0059,59 MG Road,Bangalore
ADD0060,60 MG Road,Bangalore
ADD0061,61 MG Road,Bangalore
ADD0062,62 MG Road,Chennai
ADD0063,63 MG Road,Chennai
ADD0064,64 MG Road,Chennai
ADD0065,65 MG Road,Chennai
ADD0066,66 MG Road,Mumbai
ADD0067,67 MG Road,Delhi
ADD0068,68 MG Road,Noida
ADD0069,69 MG Road,Chennai
ADD0070,70 MG Road,Mumbai
ADD0071,71 MG Road,Noida
ADD0072,72 MG Road,Bangalore
ADD0073,73 MG Road,Bangalore
ADD0074,74 MG Road,Mumbai
ADD0075,75 MG Road,Bangalore
ADD0076,76 MG Road,Chennai
ADD0077,77 MG Road,Delhi
ADD0078,78 MG Road,Delhi
ADD0079,79 MG Road,Bangalore
ADD0080,80 MG Road,Bangalore
ADD0081,81 MG Road,Noida
ADD0082,82 MG Road,Delhi
ADD0083,83 MG Road,Mumbai
ADD0084,84 MG Road,Delhi
ADD0085,85 MG Road,Noida
ADD0086,86 MG Road,Bangalore
ADD0087,87 MG Road,Delhi
ADD0088,88 MG Road,Chennai
ADD0089,89 MG Road,Delhi
ADD0090,90 MG Road,Bangalore
ADD0091,91 MG Road,Delhi
ADD0092,92 MG Road,Noida
ADD0093,93 MG Road,Noida
ADD0094,94 MG Road,Chennai
ADD0095,95 MG Road,Delhi
ADD0096,96 MG Road,Delhi
ADD0097,97 MG Road,Bangalore
ADD0098,98 MG Road,Mumbai
ADD0099,99 MG Road,Bangalore
ADD0100,100 MG Road,Chennai
ADD0101,101 MG Road,Delhi
ADD0102,102 MG Road,Chennai
ADD0103,103 MG Road,Chennai
ADD0104,104 MG Road,Delhi
ADD0105,105 MG Road,Mumbai
ADD0106,106 MG Road,Bangalore
ADD0107,107 MG Road,Noida
ADD0108,108 MG Road,Chennai
ADD0109,109 MG Road,Chennai
ADD0110,110 MG Road,Mumbai
ADD0111,111 MG Road,Chennai
ADD0112,112 MG Road,Bangalore
ADD0113,113 MG Road,Mumbai
ADD0114,114 MG Road,Chennai
ADD0115,115 MG Road,Noida
ADD0116,116 MG Road,Bangalore
ADD0117,117 MG Road,Chennai
ADD0118,118 MG Road,Mumbai
ADD0119,119 MG Road,Noida
ADD0120,120 MG Road,Delhi
ADD0121,121 MG Road,Bangalore
ADD0122,122 MG Road,Mumbai
ADD0123,123 MG Road,Mumbai
ADD0124,124 MG Road,Bangalore
ADD0125,125 MG Road,Mumbai
ADD0126,126 MG Road,Mumbai
ADD0127,127 MG Road,Bangalore
ADD0128,128 MG Road,Delhi
ADD0129,129 MG Road,Bangalore
ADD0130,130 MG Road,Mumbai
ADD0131,131 MG Road,Bangalore
ADD0132,132 MG Road,Bangalore
ADD0133,133 MG Road,Noida
ADD0134,134 MG Road,Delhi
ADD0135,135 MG Road,Chennai
ADD0136,136 MG Road,Delhi
ADD0137,137 MG Road,Noida
ADD0138,138 MG Road,Bangalore
ADD0139,139 MG Road,Chennai
ADD0140,140 MG Road,Delhi
ADD0141,141 MG Road,Mumbai
ADD0142,142 MG Road,Delhi
ADD0143,143 MG Road,Noida
ADD0144,144 MG Road,Delhi
ADD0145,145 MG Road,Mumbai
ADD0146,146 MG Road,Chennai
ADD0147,147 MG Road,Noida
ADD0148,148 MG Road,Noida
ADD0149,149 MG Road,Bangalore
ADD0150,150 MG Road,Delhi
ADD0151,151 MG Road,Chennai
ADD0152,152 MG Road,Chennai
ADD0153,153 MG Road,Mumbai
ADD0154,154 MG Road,Mumbai
ADD0155,155 MG Road,Delhi
ADD0156,156 MG Road,Delhi
ADD0157,157 MG Road,Noida
ADD0158,158 MG Road,Mumbai
ADD0159,159 MG Road,Delhi
ADD0160,160 MG Road,Noida
ADD0161,161 MG Road,Bangalore
ADD0162,162 MG Road,Noida
ADD0163,163 MG Road,Mumbai
ADD0164,164 MG Road,Chennai
ADD0165,165 MG Road,Delhi
ADD0166,166 MG Road,Delhi
ADD0167,167 MG Road,Delhi
ADD0168,168 MG Road,Chennai
ADD0169,169 MG Road,Bangalore
ADD0170,170 MG Road,Noida
ADD0171,171 MG Road,Noida
ADD0172,172 MG Road,Bangalore
ADD0173,173 MG Road,Chennai
ADD0174,174 MG Road,Noida
ADD0175,175 MG Road,Bangalore
ADD0176,176 MG Road,Mumbai
ADD0177,177 MG Road,Mumbai
ADD0178,178 MG Road,Delhi
ADD0179,179 MG Road,Chennai
ADD0180,180 MG Road,Noida
ADD0181,181 MG Road,Noida
ADD0182,182 MG Road,Delhi
ADD0183,183 MG Road,Delhi
ADD0184,184 MG Road,Noida
ADD0185,185 MG Road,Noida
ADD0186,186 MG Road,Noida
ADD0187,187 MG Road,Delhi
ADD0188,188 MG Road,Mumbai
ADD0189,189 MG Road,Chennai
ADD0190,190 MG Road,Noida
ADD0191,191 MG Road,Delhi
ADD0192,192 MG Road,Bangalore
ADD0193,193 MG Road,Mumbai
ADD0194,194 MG Road,Chennai
ADD0195,195 MG Road,Delhi
ADD0196,196 MG Road,Noida
ADD0197,197 MG Road,Delhi
ADD0198,198 MG Road,Noida
ADD0199,199 MG Road,Chennai
ADD0200,200 MG Road,Mumbai
ADD0201,201 MG Road,Bangalore
ADD0202,202 MG Road,Bangalore
ADD0203,203 MG Road,Delhi
ADD0204,204 MG Road,Bangalore
ADD0205,205 MG Road,Mumbai
ADD0206,206 MG Road,Delhi
ADD0207,207 MG Road,Bangalore
ADD0208,208 MG Road,Delhi
ADD0209,209 MG Road,Bangalore
ADD0210,210 MG Road,Noida
ADD0211,211 MG Road,Noida
ADD0212,212 MG Road,Delhi
ADD0213,213 MG Road,Chennai
ADD0214,214 MG Road,Noida
ADD0215,215 MG Road,Chennai
ADD0216,216 MG Road,Bangalore
ADD0217,217 MG Road,Delhi
ADD0218,218 MG Road,Delhi
ADD0219,219 MG Road,Noida
ADD0220,220 MG Road,Bangalore
ADD0221,221 MG Road,Noida
ADD0222,222 MG Road,Mumbai
ADD0223,223 MG Road,Bangalore
ADD0224,224 MG Road,Mumbai
ADD0225,225 MG Road,Chennai
ADD0226,226 MG Road,Chennai
ADD0227,227 MG Road,Bangalore
ADD0228,228 MG Road,Bangalore
ADD0229,229 MG Road,Noida
ADD0230,230 MG Road,Noida
ADD0231,231 MG Road,Noida
ADD0232,232 MG Road,Bangalore
ADD0233,233 MG Road,Noida
ADD0234,234 MG Road,Delhi
ADD0235,235 MG Road,Mumbai
ADD0236,236 MG Road,Bangalore
ADD0237,237 MG Road,Delhi
ADD0238,238 MG Road,Chennai
ADD0239,239 MG Road,Chennai
ADD0240,240 MG Road,Delhi
ADD0241,241 MG Road,Noida
ADD0242,242 MG Road,Mumbai
ADD0243,243 MG Road,Noida
ADD0244,244 MG Road,Mumbai
ADD0245,245 MG Road,Mumbai
ADD0246,246 MG Road,Mumbai
ADD0247,247 MG Road,Bangalore
ADD0248,248 MG Road,Noida
ADD0249,249 MG Road,Noida
ADD0250,250 MG Road,Chennai
ADD0251,251 MG Road,Bangalore
ADD0252,252 MG Road,Chennai
ADD0253,253 MG Road,Delhi
ADD0254,254 MG Road,Bangalore
ADD0255,255 MG Road,Noida
ADD0256,256 MG Road,Chennai
ADD0257,257 MG Road,Delhi
ADD0258,258 MG Road,Bangalore
ADD0259,259 MG Road,Mumbai
ADD0260,260 MG Road,Bangalore
ADD0261,261 MG Road,Noida
ADD0262,262 MG Road,Bangalore
ADD0263,263 MG Road,Bangalore
ADD0264,264 MG Road,Chennai
ADD0265,265 MG Road,Mumbai
ADD0266,266 MG Road,Delhi
ADD0267,267 MG Road,Noida
ADD0268,268 MG Road,Chennai
ADD0269,269 MG Road,Delhi
ADD0270,270 MG Road,Delhi
ADD0271,271 MG Road,Bangalore
ADD0272,272 MG Road,Noida
ADD0273,273 MG Road,Bangalore
ADD0274,274 MG Road,Bangalore
ADD0275,275 MG Road,Delhi
ADD0276,276 MG Road,Mumbai
ADD0277,277 MG Road,Mumbai
ADD0278,278 MG Road,Bangalore
ADD0279,279 MG Road,Noida
ADD0280,280 MG Road,Mumbai
ADD0281,281 MG Road,Bangalore
ADD0282,282 MG Road,Noida
ADD0283,283 MG Road,Noida
ADD0284,284 MG Road,Chennai
ADD0285,285 MG Road,Noida
ADD0286,286 MG Road,Bangalore
ADD0287,287 MG Road,Delhi
ADD0288,288 MG Road,Bangalore
ADD0289,289 MG Road,Chennai
ADD0290,290 MG Road,Chennai
ADD0291,291 MG Road,Chennai
ADD0292,292 MG Road,Delhi
ADD0293,293 MG Road,Mumbai
ADD0294,294 MG Road,Mumbai
ADD0295,295 MG Road,Delhi
ADD0296,296 MG Road,Noida
ADD0297,297 MG Road,Chennai
ADD0298,298 MG Road,Noida
ADD0299,299 MG Road,Bangalore
ADD0300,300 MG Road,Noida
