Customer_ID,Email_ID
C0001,E0001
C0002,E0002
C0003,E0003
C0004,E0004
C0005,E0005
C0006,E0006
C0007,E0007
C0008,E0008
C0009,E0009
C0010,E0010
C0011,E0011
C0012,E0012
C0013,E0013
C0014,E0014
C0015,E0015
C0016,E0016
C0017,E0017
C0018,E0018
C0019,E0019
C0020,E0020
C0021,E0021
C0022,E0022
C0023,E0023
C0024,E0024
C0025,E0025
C0026,E0026
C0027,E0027
C0028,E0028
C0029,E0029
C0030,E0030
C0031,E0031
C0032,E0032
C0033,E0033
C0034,E0034
C0035,E0035
C0036,E0036
C0037,E0037
C0038,E0038
C0039,E0039
C0040,E0040
C0041,E0041
C0042,E0042
C0043,E0043
C0044,E0044
C0045,E0045
C0046,E0046
C0047,E0047
C0048,E0048
C0049,E0049
C0050,E0050
C0051,E0051
C0052,E0052
C0053,E0053
C0054,E0054
C0055,E0055
C0056,E0056
C0057,E0057
C0058,E0058
C0059,E0059
C0060,E0060
C0061,E0061
C0062,E0062
C0063,E0063
C0064,E0064
C0065,E0065
C0066,E0066
C0067,E0067
C0068,E0068
C0069,E0069
C0070,E0070
C0071,E0071
C0072,E0072
C0073,E0073
C0074,E0074
C0075,E0075
C0076,E0076
C0077,E0077
C0078,E0078
C0079,E0079
C0080,E0080
C0081,E0081
C0082,E0082
C0083,E0083
C0084,E0084
C0085,E0085
C0086,E0086
C0087,E0087
C0088,E0088
C0089,E0089
C0090,E0090
C0091,E0091
C0092,E0092
C0093,E0093
C0094,E0094
C0095,E0095
C0096,E0096
C0097,E0097
C0098,E0098
C0099,E0099
C0100,E0100
C0101,E0101
C0102,E0102
C0103,E0103
C0104,E0104
C0105,E0105
C0106,E0106
C0107,E0107
C0108,E0108
C0109,E0109
C0110,E0110
C0111,E0111
C0112,E0112
C0113,E0113
C0114,E0114
C0115,E0115
C0116,E0116
C0117,E0117
C0118,E0118
C0119,E0119
C0120,E0120
C0121,E0121
C0122,E0122
C0123,E0123
C0124,E0124
C0125,E0125
C0126,E0126
C0127,E0127
C0128,E0128
C0129,E0129
C0130,E0130
C0131,E0131
C0132,E0132
C0133,E0133
C0134,E0134
C0135,E0135
C0136,E0136
C0137,E0137
C0138,E0138
C0139,E0139
C0140,E0140
C0141,E0141
C0142,E0142
C0143,E0143
C0144,E0144
C0145,E0145
C0146,E0146
C0147,E0147
C0148,E0148
C0149,E0149
C0150,E0150
C0151,E0151
C0152,E0152
C0153,E0153
C0154,E0154
C0155,E0155
C0156,E0156
C0157,E0157
C0158,E0158
C0159,E0159
C0160,E0160
C0161,E0161
C0162,E0162
C0163,E0163
C0164,E0164
C0165,E0165
C0166,E0166
C0167,E0167
C0168,E0168
C0169,E0169
C0170,E0170
C0171,E0171
C0172,E0172
C0173,E0173
C0174,E0174
C0175,E0175
C0176,E0176
C0177,E0177
C0178,E0178
C0179,E0179
C0180,E0180
C0181,E0181
C0182,E0182
C0183,E0183
C0184,E0184
C0185,E0185
C0186,E0186
C0187,E0187
C0188,E0188
C0189,E0189
C0190,E0190
C0191,E0191
C0192,E0192
C0193,E0193
C0194,E0194
C0195,E0195
C0196,E0196
C0197,E0197
C0198,E0198
C0199,E0199
C0200,E0200
C0201,E0201
C0202,E0202
C0203,E0203
C0204,E0204
C0205,E0205
C0206,E0206
C0207,E0207
C0208,E0208
C0209,E0209
C0210,E0210
C0211,E0211
C0212,E0212
C0213,E0213
C0214,E0214
C0215,E0215
C0216,E0216
C0217,E0217
C0218,E0218
C0219,E0219
C0220,E0220
C0221,E0221
C0222,E0222
C0223,E0223
C0224,E0224
C0225,E0225
C0226,E0226
C0227,E0227
C0228,E0228
C0229,E0229
C0230,E0230
C0231,E0231
C0232,E0232
C0233,E0233
C0234,E0234
C0235,E0235
C0236,E0236
C0237,E0237
C0238,E0238
C0239,E0239
C0240,E0240
C0241,E0241
C0242,E0242
C0243,E0243
C0244,E0244
C0245,E0245
C0246,E0246
C0247,E0247
C0248,E0248
C0249,E0249
C0250,E0250
C0251,E0251
C0252,E0252
C0253,E0253
C0254,E0254
C0255,E0255
C0256,E0256
C0257,E0257
C0258,E0258
C0259,E0259
C0260,E0260
C0261,E0261
C0262,E0262
C0263,E0263
C0264,E0264
C0265,E0265
C0266,E0266
C0267,E0267
C0268,E0268
C0269,E0269
C0270,E0270
C0271,E0271
C0272,E0272
C0273,E0273
C0274,E0274
C0275,E0275
C0276,E0276
C0277,E0277
C0278,E0278
C0279,E0279
C0280,E0280
C0281,E0281
C0282,E0282
C0283,E0283
C0284,E0284
C0285,E0285
C0286,E0286
C0287,E0287
C0288,E0288
C0289,E0289
C0290,E0290
C0291,E0291
C0292,E0292
C0293,E0293
C0294,E0294
C0295,E0295
C0296,E0296
C0297,E0297
C0298,E0298
C0299,E0299
C0300,E0300
C0301,E0301
C0302,E0302
C0303,E0303
C0304,E0304
C0305,E0305
C0306,E0306
C0307,E0307
C0308,E0308
C0309,E0309
C0310,E0310
C0311,E0311
C0312,E0312
C0313,E0313
C0314,E0314
C0315,E0315
C0316,E0316
C0317,E0317
C0318,E0318
C0319,E0319
C0320,E0320
C0321,E0321
C0322,E0322
C0323,E0323
C0324,E0324
C0325,E0325
C0326,E0326
C0327,E0327
C0328,E0328
C0329,E0329
C0330,E0330
C0331,E0331
C0332,E0332
C0333,E0333
C0334,E0334
C0335,E0335
C0336,E0336
C0337,E0337
C0338,E0338
C0339,E0339
C0340,E0340
C0341,E0341
C0342,E0342
C0343,E0343
C0344,E0344
C0345,E0345
C0346,E0346
C0347,E0347
C0348,E0348
C0349,E0349
C0350,E0350
C0351,E0351
C0352,E0352
C0353,E0353
C0354,E0354
C0355,E0355
C0356,E0356
C0357,E0357
C0358,E0358
C0359,E0359
C0360,E0360
C0361,E0361
C0362,E0362
C0363,E0363
C0364,E0364
C0365,E0365
C0366,E0366
C0367,E0367
C0368,E0368
C0369,E0369
C0370,E0370
C0371,E0371
C0372,E0372
C0373,E0373
C0374,E0374
C0375,E0375
C0376,E0376
C0377,E0377
C0378,E0378
C0379,E0379
C0380,E0380
C0381,E0381
C0382,E0382
C0383,E0383
C0384,E0384
C0385,E0385
C0386,E0386
C0387,E0387
C0388,E0388
C0389,E0389
C0390,E0390
C0391,E0391
C0392,E0392
C0393,E0393
C0394,E0394
C0395,E0395
C0396,E0396
C0397,E0397
C0398,E0398
C0399,E0399
C0400,E0400
C0401,E0401
C0402,E0402
C0403,E0403
C0404,E0404
C0405,E0405
C0406,E0406
C0407,E0407
C0408,E0408
C0409,E0409
C0410,E0410
C0411,E0411
C0412,E0412
C0413,E0413
C0414,E0414
C0415,E0415
C0416,E0416
C0417,E0417
C0418,E0418
C0419,E0419
C0420,E0420
C0421,E0421
C0422,E0422
C0423,E0423
C0424,E0424
C0425,E0425
C0426,E0426
C0427,E0427
C0428,E0428
C0429,E0429
C0430,E0430
C0431,E0431
C0432,E0432
C0433,E0433
C0434,E0434
C0435,E0435
C0436,E0436
C0437,E0437
C0438,E0438
C0439,E0439
C0440,E0440
C0441,E0441
C0442,E0442
C0443,E0443
C0444,E0444
C0445,E0445
C0446,E0446
C0447,E0447
C0448,E0448
C0449,E0449
C0450,E0450
C0451,E0451
C0452,E0452
C0453,E0453
C0454,E0454
C0455,E0455
C0456,E0456
C0457,E0457
C0458,E0458
C0459,E0459
C0460,E0460
C0461,E0461
C0462,E0462
C0463,E0463
C0464,E0464
C0465,E0465
C0466,E0466
C0467,E0467
C0468,E0468
C0469,E0469
C0470,E0470
C0471,E0471
C0472,E0472
C0473,E0473
C0474,E0474
C0475,E0475
C0476,E0476
C0477,E0477
C0478,E0478
C0479,E0479
C0480,E0480
C0481,E0481
C0482,E0482
C0483,E0483
C0484,E0484
C0485,E0485
C0486,E0486
C0487,E0487
C0488,E0488
C0489,E0489
C0490,E0490
C0491,E0491
C0492,E0492
C0493,E0493
C0494,E0494
C0495,E0495
C0496,E0496
C0497,E0497
C0498,E0498
C0499,E0499
C0500,E0500
C0501,E0501
C0502,E0502
C0503,E0503
C0504,E0504
C0505,E0505
C0506,E0506
C0507,E0507
C0508,E0508
C0509,E0509
C0510,E0510
C0511,E0511
C0512,E0512
C0513,E0513
C0514,E0514
C0515,E0515
C0516,E0516
C0517,E0517
C0518,E0518
C0519,E0519
C0520,E0520
C0521,E0521
C0522,E0522
C0523,E0523
C0524,E0524
C0525,E0525
C0526,E0526
C0527,E0527
C0528,E0528
C0529,E0529
C0530,E0530
C0531,E0531
C0532,E0532
C0533,E0533
C0534,E0534
C0535,E0535
C0536,E0536
C0537,E0537
C0538,E0538
C0539,E0539
C0540,E0540
C0541,E0541
C0542,E0542
C0543,E0543
C0544,E0544
C0545,E0545
C0546,E0546
C0547,E0547
C0548,E0548
C0549,E0549
C0550,E0550
C0551,E0551
C0552,E0552
C0553,E0553
C0554,E0554
C0555,E0555
C0556,E0556
C0557,E0557
C0558,E0558
C0559,E0559
C0560,E0560
C0561,E0561
C0562,E0562
C0563,E0563
C0564,E0564
C0565,E0565
C0566,E0566
C0567,E0567
C0568,E0568
C0569,E0569
C0570,E0570
C0571,E0571
C0572,E0572
C0573,E0573
C0574,E0574
C0575,E0575
C0576,E0576
C0577,E0577
C0578,E0578
C0579,E0579
C0580,E0580
C0581,E0581
C0582,E0582
C0583,E0583
C0584,E0584
C0585,E0585
C0586,E0586
C0587,E0587
C0588,E0588
C0589,E0589
C0590,E0590
C0591,E0591
C0592,E0592
C0593,E0593
C0594,E0594
C0595,E0595
C0596,E0596
C0597,E0597
C0598,E0598
C0599,E0599
C0600,E0600
C0601,E0601
C0602,E0602
C0603,E0603
C0604,E0604
C0605,E0605
C0606,E0606
C0607,E0607
C0608,E0608
C0609,E0609
C0610,E0610
C0611,E0611
C0612,E0612
C0613,E0613
C0614,E0614
C0615,E0615
C0616,E0616
C0617,E0617
C0618,E0618
C0619,E0619
C0620,E0620
C0621,E0621
C0622,E0622
C0623,E0623
C0624,E0624
C0625,E0625
C0626,E0626
C0627,E0627
C0628,E0628
C0629,E0629
C0630,E0630
C0631,E0631
C0632,E0632
C0633,E0633
C0634,E0634
C0635,E0635
C0636,E0636
C0637,E0637
C0638,E0638
C0639,E0639
C0640,E0640
C0641,E0641
C0642,E0642
C0643,E0643
C0644,E0644
C0645,E0645
C0646,E0646
C0647,E0647
C0648,E0648
C0649,E0649
C0650,E0650
C0651,E0651
C0652,E0652
C0653,E0653
C0654,E0654
C0655,E0655
C0656,E0656
C0657,E0657
C0658,E0658
C0659,E0659
C0660,E0660
C0661,E0661
C0662,E0662
C0663,E0663
C0664,E0664
C0665,E0665
C0666,E0666
C0667,E0667
C0668,E0668
C0669,E0669
C0670,E0670
C0671,E0671
C0672,E0672
C0673,E0673
C0674,E0674
C0675,E0675
C0676,E0676
C0677,E0677
C0678,E0678
C0679,E0679
C0680,E0680
C0681,E0681
C0682,E0682
C0683,E0683
C0684,E0684
C0685,E0685
C0686,E0686
C0687,E0687
C0688,E0688
C0689,E0689
C0690,E0690
C0691,E0691
C0692,E0692
C0693,E0693
C0694,E0694
C0695,E0695
C0696,E0696
C0697,E0697
C0698,E0698
C0699,E0699
C0700,E0700
C0701,E0701
C0702,E0702
C0703,E0703
C0704,E0704
C0705,E0705
C0706,E0706
C0707,E0707
C0708,E0708
C0709,E0709
C0710,E0710
C0711,E0711
C0712,E0712
C0713,E0713
C0714,E0714
C0715,E0715
C0716,E0716
C0717,E0717
C0718,E0718
C0719,E0719
C0720,E0720
C0721,E0721
C0722,E0722
C0723,E0723
C0724,E0724
C0725,E0725
C0726,E0726
C0727,E0727
C0728,E0728
C0729,E0729
C0730,E0730
C0731,E0731
C0732,E0732
C0733,E0733
C0734,E0734
C0735,E0735
C0736,E0736
C0737,E0737
C0738,E0738
C0739,E0739
C0740,E0740
C0741,E0741
C0742,E0742
C0743,E0743
C0744,E0744
C0745,E0745
C0746,E0746
C0747,E0747
C0748,E0748
C0749,E0749
C0750,E0750
C0751,E0751
C0752,E0752
C0753,E0753
C0754,E0754
C0755,E0755
C0756,E0756
C0757,E0757
C0758,E0758
C0759,E0759
C0760,E0760
C0761,E0761
C0762,E0762
C0763,E0763
C0764,E0764
C0765,E0765
C0766,E0766
C0767,E0767
C0768,E0768
C0769,E0769
C0770,E0770
C0771,E0771
C0772,E0772
C0773,E0773
C0774,E0774
C0775,E0775
C0776,E0776
C0777,E0777
C0778,E0778
C0779,E0779
C0780,E0780
C0781,E0781
C0782,E0782
C0783,E0783
C0784,E0784
C0785,E0785
C0786,E0786
C0787,E0787
C0788,E0788
C0789,E0789
C0790,E0790
C0791,E0791
C0792,E0792
C0793,E0793
C0794,E0794
C0795,E0795
C0796,E0796
C0797,E0797
C0798,E0798
C0799,E0799
C0800,E0800
C0801,E0801
C0802,E0802
C0803,E0803
C0804,E0804
C0805,E0805
C0806,E0806
C0807,E0807
C0808,E0808
C0809,E0809
C0810,E0810
C0811,E0811
C0812,E0812
C0813,E0813
C0814,E0814
C0815,E0815
C0816,E0816
C0817,E0817
C0818,E0818
C0819,E0819
C0820,E0820
C0821,E0821
C0822,E0822
C0823,E0823
C0824,E0824
C0825,E0825
C0826,E0826
C0827,E0827
C0828,E0828
C0829,E0829
C0830,E0830
C0831,E0831
C0832,E0832
C0833,E0833
C0834,E0834
C0835,E0835
C0836,E0836
C0837,E0837
C0838,E0838
C0839,E0839
C0840,E0840
C0841,E0841
C0842,E0842
C0843,E0843
C0844,E0844
C0845,E0845
C0846,E0846
C0847,E0847
C0848,E0848
C0849,E0849
C0850,E0850
C0851,E0851
C0852,E0852
C0853,E0853
C0854,E0854
C0855,E0855
C0856,E0856
C0857,E0857
C0858,E0858
C0859,E0859
C0860,E0860
C0861,E0861
C0862,E0862
C0863,E0863
C0864,E0864
C0865,E0865
C0866,E0866
C0867,E0867
C0868,E0868
C0869,E0869
C0870,E0870
C0871,E0871
C0872,E0872
C0873,E0873
C0874,E0874
C0875,E0875
C0876,E0876
C0877,E0877
C0878,E0878
C0879,E0879
C0880,E0880
C0881,E0881
C0882,E0882
C0883,E0883
C0884,E0884
C0885,E0885
C0886,E0886
C0887,E0887
C0888,E0888
C0889,E0889
C0890,E0890
C0891,E0891
C0892,E0892
C0893,E0893
C0894,E0894
C0895,E0895
C0896,E0896
C0897,E0897
C0898,E0898
C0899,E0899
C0900,E0900
C0901,E0901
C0902,E0902
C0903,E0903
C0904,E0904
C0905,E0905
C0906,E0906
C0907,E0907
C0908,E0908
C0909,E0909
C0910,E0910
C0911,E0911
C0912,E0912
C0913,E0913
C0914,E0914
C0915,E0915
C0916,E0916
C0917,E0917
C0918,E0918
C0919,E0919
C0920,E0920
C0921,E0921
C0922,E0922
C0923,E0923
C0924,E0924
C0925,E0925
C0926,E0926
C0927,E0927
C0928,E0928
C0929,E0929
C0930,E0930
C0931,E0931
C0932,E0932
C0933,E0933
C0934,E0934
C0935,E0935
C0936,E0936
C0937,E0937
C0938,E0938
C0939,E0939
C0940,E0940
C0941,E0941
C0942,E0942
C0943,E0943
C0944,E0944
C0945,E0945
C0946,E0946
C0947,E0947
C0948,E0948
C0949,E0949
C0950,E0950
C0951,E0951
C0952,E0952
C0953,E0953
C0954,E0954
C0955,E0955
C0956,E0956
C0957,E0957
C0958,E0958
C0959,E0959
C0960,E0960
C0961,E0961
C0962,E0962
C0963,E0963
C0964,E0964
C0965,E0965
C0966,E0966
C0967,E0967
C0968,E0968
C0969,E0969
C0970,E0970
C0971,E0971
C0972,E0972
C0973,E0973
C0974,E0974
C0975,E0975
C0976,E0976
C0977,E0977
C0978,E0978
C0979,E0979
C0980,E0980
C0981,E0981
C0982,E0982
C0983,E0983
C0984,E0984
C0985,E0985
C0986,E0986
C0987,E0987
C0988,E0988
C0989,E0989
C0990,E0990
C0991,E0991
C0992,E0992
C0993,E0993
C0994,E0994
C0995,E0995
C0996,E0996
C0997,E0997
C0998,E0998
C0999,E0999
C1000,E1000
