Customer_ID,Name,DOB,PAN,CIF
C0001,Customer1,1999-07-24,PAN0001,CIF0001
C0002,Customer2,1977-08-05,PAN0002,CIF0002
C0003,Customer3,1975-06-06,PAN0003,CIF0003
C0004,Customer4,1978-02-03,PAN0004,CIF0004
C0005,Customer5,1997-09-24,PAN0005,CIF0005
C0006,Customer6,1999-08-21,PAN0006,CIF0006
C0007,Customer7,1973-01-04,PAN0007,CIF0007
C0008,Customer8,1994-03-03,PAN0008,CIF0008
C0009,Customer9,1978-07-20,PAN0009,CIF0009
C0010,Customer10,1984-12-25,PAN0010,CIF0010
C0011,Customer11,1994-11-14,PAN0011,CIF0011
C0012,Customer12,1999-06-04,PAN0012,CIF0012
C0013,Customer13,1975-05-24,PAN0013,CIF0013
C0014,Customer14,1987-07-11,PAN0014,CIF0014
C0015,Customer15,1979-06-23,PAN0015,CIF0015
C0016,Customer16,1995-06-08,PAN0016,CIF0016
C0017,Customer17,1987-01-06,PAN0017,CIF0017
C0018,Customer18,1999-02-19,PAN0018,CIF0018
C0019,Customer19,1987-06-12,PAN0019,CIF0019
C0020,Customer20,1988-09-14,PAN0020,CIF0020
C0021,Customer21,1981-09-02,PAN0021,CIF0021
C0022,Customer22,1970-10-19,PAN0022,CIF0022
C0023,Customer23,1987-07-20,PAN0023,CIF0023
C0024,Customer24,1987-05-06,PAN0024,CIF0024
C0025,Customer25,1974-07-22,PAN0025,CIF0025
C0026,Customer26,1979-10-09,PAN0026,CIF0026
C0027,Customer27,1973-05-11,PAN0027,CIF0027
C0028,Customer28,1979-08-16,PAN0028,CIF0028
C0029,Customer29,1982-07-13,PAN0029,CIF0029
C0030,Customer30,1980-02-08,PAN0030,CIF0030
C0031,Customer31,1995-08-24,PAN0031,CIF0031
C0032,Customer32,1987-09-06,PAN0032,CIF0032
C0033,Customer33,1995-04-13,PAN0033,CIF0033
C0034,Customer34,1976-10-24,PAN0034,CIF0034
C0035,Customer35,1978-07-25,PAN0035,CIF0035
C0036,Customer36,1991-12-18,PAN0036,CIF0036
C0037,Customer37,1998-05-08,PAN0037,CIF0037
C0038,Customer38,1979-12-10,PAN0038,CIF0038
C0039,Customer39,1998-11-05,PAN0039,CIF0039
C0040,Customer40,1999-04-02,PAN0040,CIF0040
C0041,Customer41,1988-01-27,PAN0041,CIF0041
C0042,Customer42,1985-03-28,PAN0042,CIF0042
C0043,Customer43,1986-11-23,PAN0043,CIF0043
C0044,Customer44,1985-01-05,PAN0044,CIF0044
C0045,Customer45,1996-12-16,PAN0045,CIF0045
C0046,Customer46,1973-01-28,PAN0046,CIF0046
C0047,Customer47,1984-07-24,PAN0047,CIF0047
C0048,Customer48,2000-11-18,PAN0048,CIF0048
C0049,Customer49,1973-05-01,PAN0049,CIF0049
C0050,Customer50,1994-08-21,PAN0050,CIF0050
C0051,Customer51,1970-03-06,PAN0051,CIF0051
C0052,Customer52,1981-05-13,PAN0052,CIF0052
C0053,Customer53,1989-01-18,PAN0053,CIF0053
C0054,Customer54,1994-11-02,PAN0054,CIF0054
C0055,Customer55,1970-09-24,PAN0055,CIF0055
C0056,Customer56,1972-01-26,PAN0056,CIF0056
C0057,Customer57,1997-04-18,PAN0057,CIF0057
C0058,Customer58,1995-01-04,PAN0058,CIF0058
C0059,Customer59,2000-12-17,PAN0059,CIF0059
C0060,Customer60,1973-05-27,PAN0060,CIF0060
C0061,Customer61,1979-07-08,PAN0061,CIF0061
C0062,Customer62,1980-07-18,PAN0062,CIF0062
C0063,Customer63,1994-11-02,PAN0063,CIF0063
C0064,Customer64,1987-06-15,PAN0064,CIF0064
C0065,Customer65,1984-10-08,PAN0065,CIF0065
C0066,Customer66,1977-03-07,PAN0066,CIF0066
C0067,Customer67,1999-06-16,PAN0067,CIF0067
C0068,Customer68,1984-10-16,PAN0068,CIF0068
C0069,Customer69,1975-08-17,PAN0069,CIF0069
C0070,Customer70,1999-03-21,PAN0070,CIF0070
C0071,Customer71,1988-11-25,PAN0071,CIF0071
C0072,Customer72,1986-11-12,PAN0072,CIF0072
C0073,Customer73,1974-09-09,PAN0073,CIF0073
C0074,Customer74,1970-12-10,PAN0074,CIF0074
C0075,Customer75,1982-07-22,PAN0075,CIF0075
C0076,Customer76,1975-08-11,PAN0076,CIF0076
C0077,Customer77,1987-10-27,PAN0077,CIF0077
C0078,Customer78,1992-01-04,PAN0078,CIF0078
C0079,Customer79,1972-10-23,PAN0079,CIF0079
C0080,Customer80,1996-11-23,PAN0080,CIF0080
C0081,Customer81,1975-06-11,PAN0081,CIF0081
C0082,Customer82,1975-01-28,PAN0082,CIF0082
C0083,Customer83,1993-03-27,PAN0083,CIF0083
C0084,Customer84,1974-10-05,PAN0084,CIF0084
C0085,Customer85,1992-03-14,PAN0085,CIF0085
C0086,Customer86,1998-09-02,PAN0086,CIF0086
C0087,Customer87,1991-12-10,PAN0087,CIF0087
C0088,Customer88,1972-12-13,PAN0088,CIF0088
C0089,Customer89,1999-11-15,PAN0089,CIF0089
C0090,Customer90,1985-10-22,PAN0090,CIF0090
C0091,Customer91,1971-02-15,PAN0091,CIF0091
C0092,Customer92,1972-12-09,PAN0092,CIF0092
C0093,Customer93,1988-11-26,PAN0093,CIF0093
C0094,Customer94,1974-01-17,PAN0094,CIF0094
C0095,Customer95,1970-12-09,PAN0095,CIF0095
C0096,Customer96,1998-02-01,PAN0096,CIF0096
C0097,Customer97,1973-11-24,PAN0097,CIF0097
C0098,Customer98,1979-02-20,PAN0098,CIF0098
C0099,Customer99,1973-01-27,PAN0099,CIF0099
C0100,Customer100,1994-02-03,PAN0100,CIF0100
C0101,Customer101,1987-09-04,PAN0101,CIF0101
C0102,Customer102,1983-07-07,PAN0102,CIF0102
C0103,Customer103,1991-10-08,PAN0103,CIF0103
C0104,Customer104,1980-04-21,PAN0104,CIF0104
C0105,Customer105,1986-01-25,PAN0105,CIF0105
C0106,Customer106,1993-04-14,PAN0106,CIF0106
C0107,Customer107,1971-09-08,PAN0107,CIF0107
C0108,Customer108,1982-08-05,PAN0108,CIF0108
C0109,Customer109,1996-06-07,PAN0109,CIF0109
C0110,Customer110,1970-04-19,PAN0110,CIF0110
C0111,Customer111,1971-09-07,PAN0111,CIF0111
C0112,Customer112,1985-04-16,PAN0112,CIF0112
C0113,Customer113,1970-08-28,PAN0113,CIF0113
C0114,Customer114,1978-06-06,PAN0114,CIF0114
C0115,Customer115,1975-09-25,PAN0115,CIF0115
C0116,Customer116,1991-04-23,PAN0116,CIF0116
C0117,Customer117,1996-07-02,PAN0117,CIF0117
C0118,Customer118,1976-06-15,PAN0118,CIF0118
C0119,Customer119,1978-09-06,PAN0119,CIF0119
C0120,Customer120,1991-12-23,PAN0120,CIF0120
C0121,Customer121,1993-01-23,PAN0121,CIF0121
C0122,Customer122,1980-07-24,PAN0122,CIF0122
C0123,Customer123,1987-10-08,PAN0123,CIF0123
C0124,Customer124,1995-05-09,PAN0124,CIF0124
C0125,Customer125,1998-06-26,PAN0125,CIF0125
C0126,Customer126,1982-08-17,PAN0126,CIF0126
C0127,Customer127,1990-07-03,PAN0127,CIF0127
C0128,Customer128,1996-06-06,PAN0128,CIF0128
C0129,Customer129,1974-10-13,PAN0129,CIF0129
C0130,Customer130,1974-07-07,PAN0130,CIF0130
C0131,Customer131,1984-03-13,PAN0131,CIF0131
C0132,Customer132,1977-09-21,PAN0132,CIF0132
C0133,Customer133,1979-05-22,PAN0133,CIF0133
C0134,Customer134,1996-04-23,PAN0134,CIF0134
C0135,Customer135,1998-03-11,PAN0135,CIF0135
C0136,Customer136,1996-01-10,PAN0136,CIF0136
C0137,Customer137,1983-02-09,PAN0137,CIF0137
C0138,Customer138,1979-01-06,PAN0138,CIF0138
C0139,Customer139,1981-05-13,PAN0139,CIF0139
C0140,Customer140,1974-06-10,PAN0140,CIF0140
C0141,Customer141,1992-05-05,PAN0141,CIF0141
C0142,Customer142,1977-08-24,PAN0142,CIF0142
C0143,Customer143,1974-06-19,PAN0143,CIF0143
C0144,Customer144,1972-06-17,PAN0144,CIF0144
C0145,Customer145,1990-09-03,PAN0145,CIF0145
C0146,Customer146,1970-12-01,PAN0146,CIF0146
C0147,Customer147,1976-03-06,PAN0147,CIF0147
C0148,Customer148,1988-03-25,PAN0148,CIF0148
C0149,Customer149,1999-02-12,PAN0149,CIF0149
C0150,Customer150,1974-08-21,PAN0150,CIF0150
C0151,Customer151,1984-04-14,PAN0151,CIF0151
C0152,Customer152,1988-07-18,PAN0152,CIF0152
C0153,Customer153,1971-04-28,PAN0153,CIF0153
C0154,Customer154,1983-04-05,PAN0154,CIF0154
C0155,Customer155,1970-10-22,PAN0155,CIF0155
C0156,Customer156,1992-03-24,PAN0156,CIF0156
C0157,Customer157,1980-12-13,PAN0157,CIF0157
C0158,Customer158,1994-02-08,PAN0158,CIF0158
C0159,Customer159,1996-10-02,PAN0159,CIF0159
C0160,Customer160,1993-06-14,PAN0160,CIF0160
C0161,Customer161,1988-10-20,PAN0161,CIF0161
C0162,Customer162,1973-09-03,PAN0162,CIF0162
C0163,Customer163,1976-11-20,PAN0163,CIF0163
C0164,Customer164,1985-04-26,PAN0164,CIF0164
C0165,Customer165,1987-10-15,PAN0165,CIF0165
C0166,Customer166,1995-11-26,PAN0166,CIF0166
C0167,Customer167,1975-12-11,PAN0167,CIF0167
C0168,Customer168,2000-07-11,PAN0168,CIF0168
C0169,Customer169,1975-04-07,PAN0169,CIF0169
C0170,Customer170,1981-05-27,PAN0170,CIF0170
C0171,Customer171,1995-08-12,PAN0171,CIF0171
C0172,Customer172,1993-03-21,PAN0172,CIF0172
C0173,Customer173,1996-07-16,PAN0173,CIF0173
C0174,Customer174,1990-07-22,PAN0174,CIF0174
C0175,Customer175,1998-03-15,PAN0175,CIF0175
C0176,Customer176,1993-05-20,PAN0176,CIF0176
C0177,Customer177,2000-03-15,PAN0177,CIF0177
C0178,Customer178,1988-04-28,PAN0178,CIF0178
C0179,Customer179,1982-04-27,PAN0179,CIF0179
C0180,Customer180,1975-08-20,PAN0180,CIF0180
C0181,Customer181,1996-04-18,PAN0181,CIF0181
C0182,Customer182,1993-02-03,PAN0182,CIF0182
C0183,Customer183,2000-04-27,PAN0183,CIF0183
C0184,Customer184,1983-08-15,PAN0184,CIF0184
C0185,Customer185,1974-07-17,PAN0185,CIF0185
C0186,Customer186,1996-11-28,PAN0186,CIF0186
C0187,Customer187,2000-10-12,PAN0187,CIF0187
C0188,Customer188,1981-03-21,PAN0188,CIF0188
C0189,Customer189,1994-05-24,PAN0189,CIF0189
C0190,Customer190,1970-08-21,PAN0190,CIF0190
C0191,Customer191,1991-11-15,PAN0191,CIF0191
C0192,Customer192,1992-03-25,PAN0192,CIF0192
C0193,Customer193,2000-09-15,PAN0193,CIF0193
C0194,Customer194,1982-11-07,PAN0194,CIF0194
C0195,Customer195,1970-08-11,PAN0195,CIF0195
C0196,Customer196,1973-08-05,PAN0196,CIF0196
C0197,Customer197,2000-02-11,PAN0197,CIF0197
C0198,Customer198,1973-12-01,PAN0198,CIF0198
C0199,Customer199,1988-01-10,PAN0199,CIF0199
C0200,Customer200,1989-03-20,PAN0200,CIF0200
C0201,Customer201,1992-12-09,PAN0201,CIF0201
C0202,Customer202,1992-03-03,PAN0202,CIF0202
C0203,Customer203,1994-01-06,PAN0203,CIF0203
C0204,Customer204,1991-11-25,PAN0204,CIF0204
C0205,Customer205,1980-10-05,PAN0205,CIF0205
C0206,Customer206,1994-02-02,PAN0206,CIF0206
C0207,Customer207,1981-05-20,PAN0207,CIF0207
C0208,Customer208,1986-05-19,PAN0208,CIF0208
C0209,Customer209,1985-08-08,PAN0209,CIF0209
C0210,Customer210,1981-01-23,PAN0210,CIF0210
C0211,Customer211,1992-08-21,PAN0211,CIF0211
C0212,Customer212,1996-03-21,PAN0212,CIF0212
C0213,Customer213,1987-04-04,PAN0213,CIF0213
C0214,Customer214,1994-01-25,PAN0214,CIF0214
C0215,Customer215,1975-02-28,PAN0215,CIF0215
C0216,Customer216,1992-03-26,PAN0216,CIF0216
C0217,Customer217,1984-07-27,PAN0217,CIF0217
C0218,Customer218,1984-04-22,PAN0218,CIF0218
C0219,Customer219,1998-02-26,PAN0219,CIF0219
C0220,Customer220,1973-03-26,PAN0220,CIF0220
C0221,Customer221,1977-11-12,PAN0221,CIF0221
C0222,Customer222,1979-12-16,PAN0222,CIF0222
C0223,Customer223,1972-04-03,PAN0223,CIF0223
C0224,Customer224,1983-09-19,PAN0224,CIF0224
C0225,Customer225,1979-12-19,PAN0225,CIF0225
C0226,Customer226,1970-07-21,PAN0226,CIF0226
C0227,Customer227,1996-04-09,PAN0227,CIF0227
C0228,Customer228,1981-03-03,PAN0228,CIF0228
C0229,Customer229,1999-09-11,PAN0229,CIF0229
C0230,Customer230,1983-02-25,PAN0230,CIF0230
C0231,Customer231,1989-03-17,PAN0231,CIF0231
C0232,Customer232,1996-11-15,PAN0232,CIF0232
C0233,Customer233,1993-05-26,PAN0233,CIF0233
C0234,Customer234,1978-10-07,PAN0234,CIF0234
C0235,Customer235,1974-10-28,PAN0235,CIF0235
C0236,Customer236,1978-03-28,PAN0236,CIF0236
C0237,Customer237,1982-01-28,PAN0237,CIF0237
C0238,Customer238,1975-06-09,PAN0238,CIF0238
C0239,Customer239,1973-08-17,PAN0239,CIF0239
C0240,Customer240,1985-09-06,PAN0240,CIF0240
C0241,Customer241,1996-04-03,PAN0241,CIF0241
C0242,Customer242,1983-06-13,PAN0242,CIF0242
C0243,Customer243,1983-06-06,PAN0243,CIF0243
C0244,Customer244,1971-05-04,PAN0244,CIF0244
C0245,Customer245,1990-02-24,PAN0245,CIF0245
C0246,Customer246,1984-06-12,PAN0246,CIF0246
C0247,Customer247,1981-11-13,PAN0247,CIF0247
C0248,Customer248,1974-06-05,PAN0248,CIF0248
C0249,Customer249,2000-02-13,PAN0249,CIF0249
C0250,Customer250,1998-09-13,PAN0250,CIF0250
C0251,Customer251,1993-04-06,PAN0251,CIF0251
C0252,Customer252,1970-12-12,PAN0252,CIF0252
C0253,Customer253,1973-09-28,PAN0253,CIF0253
C0254,Customer254,1984-02-11,PAN0254,CIF0254
C0255,Customer255,1984-07-10,PAN0255,CIF0255
C0256,Customer256,1999-02-23,PAN0256,CIF0256
C0257,Customer257,1983-02-18,PAN0257,CIF0257
C0258,Customer258,1973-11-22,PAN0258,CIF0258
C0259,Customer259,1986-07-02,PAN0259,CIF0259
C0260,Customer260,1981-02-25,PAN0260,CIF0260
C0261,Customer261,2000-04-09,PAN0261,CIF0261
C0262,Customer262,1973-01-11,PAN0262,CIF0262
C0263,Customer263,1988-03-17,PAN0263,CIF0263
C0264,Customer264,1999-12-08,PAN0264,CIF0264
C0265,Customer265,1973-09-14,PAN0265,CIF0265
C0266,Customer266,1997-09-19,PAN0266,CIF0266
C0267,Customer267,1994-04-27,PAN0267,CIF0267
C0268,Customer268,1970-08-04,PAN0268,CIF0268
C0269,Customer269,1984-06-14,PAN0269,CIF0269
C0270,Customer270,1992-08-21,PAN0270,CIF0270
C0271,Customer271,1979-09-13,PAN0271,CIF0271
C0272,Customer272,2000-03-01,PAN0272,CIF0272
C0273,Customer273,1996-09-18,PAN0273,CIF0273
C0274,Customer274,1975-04-09,PAN0274,CIF0274
C0275,Customer275,1991-01-01,PAN0275,CIF0275
C0276,Customer276,1970-06-23,PAN0276,CIF0276
C0277,Customer277,1984-05-03,PAN0277,CIF0277
C0278,Customer278,1986-01-21,PAN0278,CIF0278
C0279,Customer279,1979-10-13,PAN0279,CIF0279
C0280,Customer280,1979-02-22,PAN0280,CIF0280
C0281,Customer281,1985-05-18,PAN0281,CIF0281
C0282,Customer282,1985-11-15,PAN0282,CIF0282
C0283,Customer283,1990-03-06,PAN0283,CIF0283
C0284,Customer284,1987-09-02,PAN0284,CIF0284
C0285,Customer285,1972-11-05,PAN0285,CIF0285
C0286,Customer286,1985-12-11,PAN0286,CIF0286
C0287,Customer287,1989-02-10,PAN0287,CIF0287
C0288,Customer288,1973-03-15,PAN0288,CIF0288
C0289,Customer289,1996-12-07,PAN0289,CIF0289
C0290,Customer290,1996-09-25,PAN0290,CIF0290
C0291,Customer291,1994-08-04,PAN0291,CIF0291
C0292,Customer292,1980-06-01,PAN0292,CIF0292
C0293,Customer293,1977-03-17,PAN0293,CIF0293
C0294,Customer294,1982-02-02,PAN0294,CIF0294
C0295,Customer295,1990-08-27,PAN0295,CIF0295
C0296,Customer296,1987-08-19,PAN0296,CIF0296
C0297,Customer297,1990-12-13,PAN0297,CIF0297
C0298,Customer298,2000-01-06,PAN0298,CIF0298
C0299,Customer299,1997-12-10,PAN0299,CIF0299
C0300,Customer300,1988-09-16,PAN0300,CIF0300
C0301,Customer301,2000-12-01,PAN0301,CIF0301
C0302,Customer302,1983-10-08,PAN0302,CIF0302
C0303,Customer303,1997-05-03,PAN0303,CIF0303
C0304,Customer304,1997-02-18,PAN0304,CIF0304
C0305,Customer305,1980-10-20,PAN0305,CIF0305
C0306,Customer306,1997-08-25,PAN0306,CIF0306
C0307,Customer307,2000-11-06,PAN0307,CIF0307
C0308,Customer308,1970-02-16,PAN0308,CIF0308
C0309,Customer309,1983-10-24,PAN0309,CIF0309
C0310,Customer310,1989-04-12,PAN0310,CIF0310
C0311,Customer311,2000-05-10,PAN0311,CIF0311
C0312,Customer312,1999-09-10,PAN0312,CIF0312
C0313,Customer313,1980-06-15,PAN0313,CIF0313
C0314,Customer314,1976-05-16,PAN0314,CIF0314
C0315,Customer315,1979-05-14,PAN0315,CIF0315
C0316,Customer316,1989-01-10,PAN0316,CIF0316
C0317,Customer317,1986-10-12,PAN0317,CIF0317
C0318,Customer318,1993-02-18,PAN0318,CIF0318
C0319,Customer319,1983-01-23,PAN0319,CIF0319
C0320,Customer320,1989-10-08,PAN0320,CIF0320
C0321,Customer321,1994-08-25,PAN0321,CIF0321
C0322,Customer322,1973-04-04,PAN0322,CIF0322
C0323,Customer323,1996-11-03,PAN0323,CIF0323
C0324,Customer324,1988-04-05,PAN0324,CIF0324
C0325,Customer325,1979-05-18,PAN0325,CIF0325
C0326,Customer326,1972-04-09,PAN0326,CIF0326
C0327,Customer327,1995-06-02,PAN0327,CIF0327
C0328,Customer328,1981-12-20,PAN0328,CIF0328
C0329,Customer329,1978-12-12,PAN0329,CIF0329
C0330,Customer330,1991-04-27,PAN0330,CIF0330
C0331,Customer331,1984-02-10,PAN0331,CIF0331
C0332,Customer332,1978-09-18,PAN0332,CIF0332
C0333,Customer333,1984-05-18,PAN0333,CIF0333
C0334,Customer334,1986-05-20,PAN0334,CIF0334
C0335,Customer335,1971-05-02,PAN0335,CIF0335
C0336,Customer336,1984-02-28,PAN0336,CIF0336
C0337,Customer337,1990-04-22,PAN0337,CIF0337
C0338,Customer338,1994-01-08,PAN0338,CIF0338
C0339,Customer339,1972-10-13,PAN0339,CIF0339
C0340,Customer340,1993-12-21,PAN0340,CIF0340
C0341,Customer341,2000-04-18,PAN0341,CIF0341
C0342,Customer342,1977-02-06,PAN0342,CIF0342
C0343,Customer343,1972-11-12,PAN0343,CIF0343
C0344,Customer344,1980-04-20,PAN0344,CIF0344
C0345,Customer345,1993-09-10,PAN0345,CIF0345
C0346,Customer346,1976-03-10,PAN0346,CIF0346
C0347,Customer347,1993-10-04,PAN0347,CIF0347
C0348,Customer348,1972-07-07,PAN0348,CIF0348
C0349,Customer349,1985-07-14,PAN0349,CIF0349
C0350,Customer350,1989-06-15,PAN0350,CIF0350
C0351,Customer351,1982-09-01,PAN0351,CIF0351
C0352,Customer352,1992-04-03,PAN0352,CIF0352
C0353,Customer353,1976-10-15,PAN0353,CIF0353
C0354,Customer354,1982-10-16,PAN0354,CIF0354
C0355,Customer355,1995-06-23,PAN0355,CIF0355
C0356,Customer356,1972-08-28,PAN0356,CIF0356
C0357,Customer357,1991-06-09,PAN0357,CIF0357
C0358,Customer358,1975-05-21,PAN0358,CIF0358
C0359,Customer359,1990-04-11,PAN0359,CIF0359
C0360,Customer360,1980-10-25,PAN0360,CIF0360
C0361,Customer361,2000-08-17,PAN0361,CIF0361
C0362,Customer362,1974-06-28,PAN0362,CIF0362
C0363,Customer363,1985-01-19,PAN0363,CIF0363
C0364,Customer364,2000-06-27,PAN0364,CIF0364
C0365,Customer365,1996-07-15,PAN0365,CIF0365
C0366,Customer366,1988-05-22,PAN0366,CIF0366
C0367,Customer367,1990-05-16,PAN0367,CIF0367
C0368,Customer368,2000-06-05,PAN0368,CIF0368
C0369,Customer369,1986-10-17,PAN0369,CIF0369
C0370,Customer370,1985-01-14,PAN0370,CIF0370
C0371,Customer371,1987-08-17,PAN0371,CIF0371
C0372,Customer372,1999-06-03,PAN0372,CIF0372
C0373,Customer373,1991-12-16,PAN0373,CIF0373
C0374,Customer374,1974-06-16,PAN0374,CIF0374
C0375,Customer375,2000-05-19,PAN0375,CIF0375
C0376,Customer376,1977-08-25,PAN0376,CIF0376
C0377,Customer377,1974-05-19,PAN0377,CIF0377
C0378,Customer378,1989-12-27,PAN0378,CIF0378
C0379,Customer379,1998-11-20,PAN0379,CIF0379
C0380,Customer380,1997-01-01,PAN0380,CIF0380
C0381,Customer381,1995-10-16,PAN0381,CIF0381
C0382,Customer382,1979-07-28,PAN0382,CIF0382
C0383,Customer383,1997-06-01,PAN0383,CIF0383
C0384,Customer384,1971-06-21,PAN0384,CIF0384
C0385,Customer385,1970-08-14,PAN0385,CIF0385
C0386,Customer386,1971-04-10,PAN0386,CIF0386
C0387,Customer387,1996-09-16,PAN0387,CIF0387
C0388,Customer388,1980-09-07,PAN0388,CIF0388
C0389,Customer389,1987-09-08,PAN0389,CIF0389
C0390,Customer390,1979-11-24,PAN0390,CIF0390
C0391,Customer391,1975-03-25,PAN0391,CIF0391
C0392,Customer392,1982-09-20,PAN0392,CIF0392
C0393,Customer393,2000-06-03,PAN0393,CIF0393
C0394,Customer394,1973-02-12,PAN0394,CIF0394
C0395,Customer395,1987-10-24,PAN0395,CIF0395
C0396,Customer396,1992-07-20,PAN0396,CIF0396
C0397,Customer397,1973-09-26,PAN0397,CIF0397
C0398,Customer398,1974-01-28,PAN0398,CIF0398
C0399,Customer399,1981-03-06,PAN0399,CIF0399
C0400,Customer400,1983-07-05,PAN0400,CIF0400
C0401,Customer401,1977-09-11,PAN0401,CIF0401
C0402,Customer402,1976-08-03,PAN0402,CIF0402
C0403,Customer403,1996-12-23,PAN0403,CIF0403
C0404,Customer404,1991-07-03,PAN0404,CIF0404
C0405,Customer405,1989-12-18,PAN0405,CIF0405
C0406,Customer406,1977-12-10,PAN0406,CIF0406
C0407,Customer407,1975-11-23,PAN0407,CIF0407
C0408,Customer408,1975-06-28,PAN0408,CIF0408
C0409,Customer409,1998-11-14,PAN0409,CIF0409
C0410,Customer410,1998-08-04,PAN0410,CIF0410
C0411,Customer411,1998-05-22,PAN0411,CIF0411
C0412,Customer412,1989-04-22,PAN0412,CIF0412
C0413,Customer413,1980-03-20,PAN0413,CIF0413
C0414,Customer414,1978-09-13,PAN0414,CIF0414
C0415,Customer415,1982-11-27,PAN0415,CIF0415
C0416,Customer416,1994-06-13,PAN0416,CIF0416
C0417,Customer417,1977-10-10,PAN0417,CIF0417
C0418,Customer418,1974-11-12,PAN0418,CIF0418
C0419,Customer419,1973-12-21,PAN0419,CIF0419
C0420,Customer420,1980-02-03,PAN0420,CIF0420
C0421,Customer421,1972-01-27,PAN0421,CIF0421
C0422,Customer422,1991-12-14,PAN0422,CIF0422
C0423,Customer423,2000-09-10,PAN0423,CIF0423
C0424,Customer424,1985-03-06,PAN0424,CIF0424
C0425,Customer425,1972-08-11,PAN0425,CIF0425
C0426,Customer426,1985-04-17,PAN0426,CIF0426
C0427,Customer427,1986-10-17,PAN0427,CIF0427
C0428,Customer428,1973-09-06,PAN0428,CIF0428
C0429,Customer429,1979-07-11,PAN0429,CIF0429
C0430,Customer430,1987-01-17,PAN0430,CIF0430
C0431,Customer431,1984-08-19,PAN0431,CIF0431
C0432,Customer432,1988-03-14,PAN0432,CIF0432
C0433,Customer433,1972-02-17,PAN0433,CIF0433
C0434,Customer434,1973-04-18,PAN0434,CIF0434
C0435,Customer435,1981-10-20,PAN0435,CIF0435
C0436,Customer436,1983-07-24,PAN0436,CIF0436
C0437,Customer437,1990-11-05,PAN0437,CIF0437
C0438,Customer438,1981-12-09,PAN0438,CIF0438
C0439,Customer439,1975-04-23,PAN0439,CIF0439
C0440,Customer440,1995-03-13,PAN0440,CIF0440
C0441,Customer441,1983-04-02,PAN0441,CIF0441
C0442,Customer442,1988-04-20,PAN0442,CIF0442
C0443,Customer443,1998-09-06,PAN0443,CIF0443
C0444,Customer444,1993-07-02,PAN0444,CIF0444
C0445,Customer445,1973-06-19,PAN0445,CIF0445
C0446,Customer446,1974-08-07,PAN0446,CIF0446
C0447,Customer447,1989-10-23,PAN0447,CIF0447
C0448,Customer448,1978-07-18,PAN0448,CIF0448
C0449,Customer449,1987-06-04,PAN0449,CIF0449
C0450,Customer450,1993-01-19,PAN0450,CIF0450
C0451,Customer451,1996-06-22,PAN0451,CIF0451
C0452,Customer452,1990-03-17,PAN0452,CIF0452
C0453,Customer453,1977-01-03,PAN0453,CIF0453
C0454,Customer454,1985-01-27,PAN0454,CIF0454
C0455,Customer455,1984-07-22,PAN0455,CIF0455
C0456,Customer456,1980-10-06,PAN0456,CIF0456
C0457,Customer457,1985-05-23,PAN0457,CIF0457
C0458,Customer458,1987-08-04,PAN0458,CIF0458
C0459,Customer459,1981-04-02,PAN0459,CIF0459
C0460,Customer460,1988-12-24,PAN0460,CIF0460
C0461,Customer461,1988-09-22,PAN0461,CIF0461
C0462,Customer462,1975-08-26,PAN0462,CIF0462
C0463,Customer463,1974-01-15,PAN0463,CIF0463
C0464,Customer464,1988-10-15,PAN0464,CIF0464
C0465,Customer465,1971-01-25,PAN0465,CIF0465
C0466,Customer466,1978-10-06,PAN0466,CIF0466
C0467,Customer467,1982-09-12,PAN0467,CIF0467
C0468,Customer468,1971-11-16,PAN0468,CIF0468
C0469,Customer469,1988-08-25,PAN0469,CIF0469
C0470,Customer470,1978-01-10,PAN0470,CIF0470
C0471,Customer471,1997-10-28,PAN0471,CIF0471
C0472,Customer472,1994-09-05,PAN0472,CIF0472
C0473,Customer473,1995-12-14,PAN0473,CIF0473
C0474,Customer474,1985-05-20,PAN0474,CIF0474
C0475,Customer475,1989-02-01,PAN0475,CIF0475
C0476,Customer476,2000-05-04,PAN0476,CIF0476
C0477,Customer477,1995-03-28,PAN0477,CIF0477
C0478,Customer478,1976-01-05,PAN0478,CIF0478
C0479,Customer479,1999-07-23,PAN0479,CIF0479
C0480,Customer480,1977-11-18,PAN0480,CIF0480
C0481,Customer481,1985-08-10,PAN0481,CIF0481
C0482,Customer482,1979-10-09,PAN0482,CIF0482
C0483,Customer483,1978-10-03,PAN0483,CIF0483
C0484,Customer484,1980-08-06,PAN0484,CIF0484
C0485,Customer485,1982-05-17,PAN0485,CIF0485
C0486,Customer486,1971-11-04,PAN0486,CIF0486
C0487,Customer487,1991-02-04,PAN0487,CIF0487
C0488,Customer488,1996-06-23,PAN0488,CIF0488
C0489,Customer489,1996-04-12,PAN0489,CIF0489
C0490,Customer490,1997-05-13,PAN0490,CIF0490
C0491,Customer491,1984-02-15,PAN0491,CIF0491
C0492,Customer492,1995-11-27,PAN0492,CIF0492
C0493,Customer493,1990-03-01,PAN0493,CIF0493
C0494,Customer494,1983-09-06,PAN0494,CIF0494
C0495,Customer495,1992-08-20,PAN0495,CIF0495
C0496,Customer496,1998-05-05,PAN0496,CIF0496
C0497,Customer497,2000-12-03,PAN0497,CIF0497
C0498,Customer498,1995-01-03,PAN0498,CIF0498
C0499,Customer499,1989-02-12,PAN0499,CIF0499
C0500,Customer500,1973-05-07,PAN0500,CIF0500
C0501,Customer501,1978-05-13,PAN0501,CIF0501
C0502,Customer502,1990-11-21,PAN0502,CIF0502
C0503,Customer503,1982-06-19,PAN0503,CIF0503
C0504,Customer504,1985-04-02,PAN0504,CIF0504
C0505,Customer505,1976-08-12,PAN0505,CIF0505
C0506,Customer506,1999-07-10,PAN0506,CIF0506
C0507,Customer507,1990-09-06,PAN0507,CIF0507
C0508,Customer508,1981-10-04,PAN0508,CIF0508
C0509,Customer509,1982-11-18,PAN0509,CIF0509
C0510,Customer510,1997-08-28,PAN0510,CIF0510
C0511,Customer511,1976-02-06,PAN0511,CIF0511
C0512,Customer512,1975-08-23,PAN0512,CIF0512
C0513,Customer513,1971-11-10,PAN0513,CIF0513
C0514,Customer514,1973-06-14,PAN0514,CIF0514
C0515,Customer515,1992-02-09,PAN0515,CIF0515
C0516,Customer516,1990-01-05,PAN0516,CIF0516
C0517,Customer517,2000-07-19,PAN0517,CIF0517
C0518,Customer518,1998-02-25,PAN0518,CIF0518
C0519,Customer519,1976-05-17,PAN0519,CIF0519
C0520,Customer520,1978-03-25,PAN0520,CIF0520
C0521,Customer521,1980-03-17,PAN0521,CIF0521
C0522,Customer522,1972-04-23,PAN0522,CIF0522
C0523,Customer523,1974-11-02,PAN0523,CIF0523
C0524,Customer524,1985-03-05,PAN0524,CIF0524
C0525,Customer525,1999-10-10,PAN0525,CIF0525
C0526,Customer526,1985-07-12,PAN0526,CIF0526
C0527,Customer527,1983-04-22,PAN0527,CIF0527
C0528,Customer528,1976-08-12,PAN0528,CIF0528
C0529,Customer529,1971-04-16,PAN0529,CIF0529
C0530,Customer530,1980-10-09,PAN0530,CIF0530
C0531,Customer531,1983-12-22,PAN0531,CIF0531
C0532,Customer532,1997-12-06,PAN0532,CIF0532
C0533,Customer533,1998-02-13,PAN0533,CIF0533
C0534,Customer534,1977-02-23,PAN0534,CIF0534
C0535,Customer535,1996-11-15,PAN0535,CIF0535
C0536,Customer536,1992-02-04,PAN0536,CIF0536
C0537,Customer537,1979-04-20,PAN0537,CIF0537
C0538,Customer538,1972-01-05,PAN0538,CIF0538
C0539,Customer539,1971-10-05,PAN0539,CIF0539
C0540,Customer540,1982-10-02,PAN0540,CIF0540
C0541,Customer541,1972-07-17,PAN0541,CIF0541
C0542,Customer542,1978-10-25,PAN0542,CIF0542
C0543,Customer543,1986-11-04,PAN0543,CIF0543
C0544,Customer544,1985-01-09,PAN0544,CIF0544
C0545,Customer545,1979-08-03,PAN0545,CIF0545
C0546,Customer546,1981-10-05,PAN0546,CIF0546
C0547,Customer547,1978-02-26,PAN0547,CIF0547
C0548,Customer548,1999-05-07,PAN0548,CIF0548
C0549,Customer549,1974-05-12,PAN0549,CIF0549
C0550,Customer550,1999-05-10,PAN0550,CIF0550
C0551,Customer551,1997-11-01,PAN0551,CIF0551
C0552,Customer552,1995-03-02,PAN0552,CIF0552
C0553,Customer553,1987-06-03,PAN0553,CIF0553
C0554,Customer554,1984-10-25,PAN0554,CIF0554
C0555,Customer555,1970-02-15,PAN0555,CIF0555
C0556,Customer556,1973-12-13,PAN0556,CIF0556
C0557,Customer557,1975-10-06,PAN0557,CIF0557
C0558,Customer558,1994-12-05,PAN0558,CIF0558
C0559,Customer559,1972-02-17,PAN0559,CIF0559
C0560,Customer560,1991-05-02,PAN0560,CIF0560
C0561,Customer561,1998-12-22,PAN0561,CIF0561
C0562,Customer562,1984-09-12,PAN0562,CIF0562
C0563,Customer563,1973-11-05,PAN0563,CIF0563
C0564,Customer564,1999-02-13,PAN0564,CIF0564
C0565,Customer565,1979-09-17,PAN0565,CIF0565
C0566,Customer566,1990-07-22,PAN0566,CIF0566
C0567,Customer567,1987-03-22,PAN0567,CIF0567
C0568,Customer568,1981-04-20,PAN0568,CIF0568
C0569,Customer569,1993-05-20,PAN0569,CIF0569
C0570,Customer570,1982-04-23,PAN0570,CIF0570
C0571,Customer571,1978-02-28,PAN0571,CIF0571
C0572,Customer572,1986-03-16,PAN0572,CIF0572
C0573,Customer573,1970-07-20,PAN0573,CIF0573
C0574,Customer574,1985-03-24,PAN0574,CIF0574
C0575,Customer575,1990-03-17,PAN0575,CIF0575
C0576,Customer576,1995-01-07,PAN0576,CIF0576
C0577,Customer577,1992-02-23,PAN0577,CIF0577
C0578,Customer578,1997-01-04,PAN0578,CIF0578
C0579,Customer579,1989-04-17,PAN0579,CIF0579
C0580,Customer580,1995-01-20,PAN0580,CIF0580
C0581,Customer581,1982-10-05,PAN0581,CIF0581
C0582,Customer582,1973-07-06,PAN0582,CIF0582
C0583,Customer583,1980-09-22,PAN0583,CIF0583
C0584,Customer584,1985-10-03,PAN0584,CIF0584
C0585,Customer585,1989-04-08,PAN0585,CIF0585
C0586,Customer586,1982-10-18,PAN0586,CIF0586
C0587,Customer587,1988-06-17,PAN0587,CIF0587
C0588,Customer588,1985-12-01,PAN0588,CIF0588
C0589,Customer589,1986-10-13,PAN0589,CIF0589
C0590,Customer590,1988-02-17,PAN0590,CIF0590
C0591,Customer591,1973-07-04,PAN0591,CIF0591
C0592,Customer592,1982-03-28,PAN0592,CIF0592
C0593,Customer593,1979-04-22,PAN0593,CIF0593
C0594,Customer594,1998-05-21,PAN0594,CIF0594
C0595,Customer595,1973-11-26,PAN0595,CIF0595
C0596,Customer596,1979-10-19,PAN0596,CIF0596
C0597,Customer597,1991-11-22,PAN0597,CIF0597
C0598,Customer598,1977-12-22,PAN0598,CIF0598
C0599,Customer599,1983-10-08,PAN0599,CIF0599
C0600,Customer600,1995-08-20,PAN0600,CIF0600
C0601,Customer601,1999-06-01,PAN0601,CIF0601
C0602,Customer602,1979-04-09,PAN0602,CIF0602
C0603,Customer603,1998-03-01,PAN0603,CIF0603
C0604,Customer604,1991-04-02,PAN0604,CIF0604
C0605,Customer605,1985-04-19,PAN0605,CIF0605
C0606,Customer606,1986-12-20,PAN0606,CIF0606
C0607,Customer607,1990-06-28,PAN0607,CIF0607
C0608,Customer608,1975-02-01,PAN0608,CIF0608
C0609,Customer609,1996-02-21,PAN0609,CIF0609
C0610,Customer610,1972-11-05,PAN0610,CIF0610
C0611,Customer611,1984-09-13,PAN0611,CIF0611
C0612,Customer612,1987-09-03,PAN0612,CIF0612
C0613,Customer613,1993-12-05,PAN0613,CIF0613
C0614,Customer614,1971-01-11,PAN0614,CIF0614
C0615,Customer615,1972-11-10,PAN0615,CIF0615
C0616,Customer616,1979-03-02,PAN0616,CIF0616
C0617,Customer617,1979-02-26,PAN0617,CIF0617
C0618,Customer618,1991-12-06,PAN0618,CIF0618
C0619,Customer619,1978-01-02,PAN0619,CIF0619
C0620,Customer620,1985-12-01,PAN0620,CIF0620
C0621,Customer621,1986-08-26,PAN0621,CIF0621
C0622,Customer622,1983-02-02,PAN0622,CIF0622
C0623,Customer623,1971-06-13,PAN0623,CIF0623
C0624,Customer624,1991-03-09,PAN0624,CIF0624
C0625,Customer625,1971-07-15,PAN0625,CIF0625
C0626,Customer626,1982-01-28,PAN0626,CIF0626
C0627,Customer627,1986-06-24,PAN0627,CIF0627
C0628,Customer628,1975-02-12,PAN0628,CIF0628
C0629,Customer629,1975-09-05,PAN0629,CIF0629
C0630,Customer630,1976-03-20,PAN0630,CIF0630
C0631,Customer631,1993-06-28,PAN0631,CIF0631
C0632,Customer632,1993-09-23,PAN0632,CIF0632
C0633,Customer633,1993-11-22,PAN0633,CIF0633
C0634,Customer634,1994-09-05,PAN0634,CIF0634
C0635,Customer635,1992-08-10,PAN0635,CIF0635
C0636,Customer636,1981-03-16,PAN0636,CIF0636
C0637,Customer637,1996-01-26,PAN0637,CIF0637
C0638,Customer638,1995-11-07,PAN0638,CIF0638
C0639,Customer639,2000-08-12,PAN0639,CIF0639
C0640,Customer640,1988-07-19,PAN0640,CIF0640
C0641,Customer641,1975-05-27,PAN0641,CIF0641
C0642,Customer642,1996-11-12,PAN0642,CIF0642
C0643,Customer643,1990-02-16,PAN0643,CIF0643
C0644,Customer644,1980-05-07,PAN0644,CIF0644
C0645,Customer645,1970-08-04,PAN0645,CIF0645
C0646,Customer646,1992-10-17,PAN0646,CIF0646
C0647,Customer647,1995-06-18,PAN0647,CIF0647
C0648,Customer648,1996-12-09,PAN0648,CIF0648
C0649,Customer649,1981-04-12,PAN0649,CIF0649
C0650,Customer650,1991-01-05,PAN0650,CIF0650
C0651,Customer651,1997-08-23,PAN0651,CIF0651
C0652,Customer652,1971-01-06,PAN0652,CIF0652
C0653,Customer653,1983-11-20,PAN0653,CIF0653
C0654,Customer654,1975-09-03,PAN0654,CIF0654
C0655,Customer655,1997-07-15,PAN0655,CIF0655
C0656,Customer656,1974-12-17,PAN0656,CIF0656
C0657,Customer657,1977-09-20,PAN0657,CIF0657
C0658,Customer658,1988-07-12,PAN0658,CIF0658
C0659,Customer659,1973-02-16,PAN0659,CIF0659
C0660,Customer660,1979-05-03,PAN0660,CIF0660
C0661,Customer661,1987-04-27,PAN0661,CIF0661
C0662,Customer662,1996-07-25,PAN0662,CIF0662
C0663,Customer663,1991-02-01,PAN0663,CIF0663
C0664,Customer664,1993-10-03,PAN0664,CIF0664
C0665,Customer665,1984-07-13,PAN0665,CIF0665
C0666,Customer666,1991-07-20,PAN0666,CIF0666
C0667,Customer667,1979-10-23,PAN0667,CIF0667
C0668,Customer668,1974-07-26,PAN0668,CIF0668
C0669,Customer669,1990-12-09,PAN0669,CIF0669
C0670,Customer670,1978-05-04,PAN0670,CIF0670
C0671,Customer671,1973-10-25,PAN0671,CIF0671
C0672,Customer672,1997-03-03,PAN0672,CIF0672
C0673,Customer673,1975-03-17,PAN0673,CIF0673
C0674,Customer674,1985-02-15,PAN0674,CIF0674
C0675,Customer675,1977-10-25,PAN0675,CIF0675
C0676,Customer676,1976-05-23,PAN0676,CIF0676
C0677,Customer677,1973-07-24,PAN0677,CIF0677
C0678,Customer678,1989-02-12,PAN0678,CIF0678
C0679,Customer679,1985-03-02,PAN0679,CIF0679
C0680,Customer680,1975-01-03,PAN0680,CIF0680
C0681,Customer681,1989-01-15,PAN0681,CIF0681
C0682,Customer682,1971-04-03,PAN0682,CIF0682
C0683,Customer683,1991-04-21,PAN0683,CIF0683
C0684,Customer684,1973-01-16,PAN0684,CIF0684
C0685,Customer685,1990-05-15,PAN0685,CIF0685
C0686,Customer686,1994-01-18,PAN0686,CIF0686
C0687,Customer687,1987-09-19,PAN0687,CIF0687
C0688,Customer688,1988-08-19,PAN0688,CIF0688
C0689,Customer689,1976-02-17,PAN0689,CIF0689
C0690,Customer690,1973-10-24,PAN0690,CIF0690
C0691,Customer691,1975-05-18,PAN0691,CIF0691
C0692,Customer692,1995-01-05,PAN0692,CIF0692
C0693,Customer693,1998-06-21,PAN0693,CIF0693
C0694,Customer694,1976-10-27,PAN0694,CIF0694
C0695,Customer695,1990-05-13,PAN0695,CIF0695
C0696,Customer696,1994-03-16,PAN0696,CIF0696
C0697,Customer697,1979-03-04,PAN0697,CIF0697
C0698,Customer698,1987-07-25,PAN0698,CIF0698
C0699,Customer699,2000-06-26,PAN0699,CIF0699
C0700,Customer700,1990-06-09,PAN0700,CIF0700
C0701,Customer701,1993-02-13,PAN0701,CIF0701
C0702,Customer702,1991-03-12,PAN0702,CIF0702
C0703,Customer703,1982-07-16,PAN0703,CIF0703
C0704,Customer704,1982-12-04,PAN0704,CIF0704
C0705,Customer705,1995-03-22,PAN0705,CIF0705
C0706,Customer706,1993-12-20,PAN0706,CIF0706
C0707,Customer707,1976-03-17,PAN0707,CIF0707
C0708,Customer708,1981-08-12,PAN0708,CIF0708
C0709,Customer709,1993-09-26,PAN0709,CIF0709
C0710,Customer710,1979-03-20,PAN0710,CIF0710
C0711,Customer711,1986-06-21,PAN0711,CIF0711
C0712,Customer712,1980-05-15,PAN0712,CIF0712
C0713,Customer713,1984-12-22,PAN0713,CIF0713
C0714,Customer714,1975-07-03,PAN0714,CIF0714
C0715,Customer715,1998-12-02,PAN0715,CIF0715
C0716,Customer716,1977-10-26,PAN0716,CIF0716
C0717,Customer717,1971-03-28,PAN0717,CIF0717
C0718,Customer718,1979-04-20,PAN0718,CIF0718
C0719,Customer719,1999-09-22,PAN0719,CIF0719
C0720,Customer720,1997-10-26,PAN0720,CIF0720
C0721,Customer721,1986-04-01,PAN0721,CIF0721
C0722,Customer722,1997-12-17,PAN0722,CIF0722
C0723,Customer723,1991-02-17,PAN0723,CIF0723
C0724,Customer724,1973-09-22,PAN0724,CIF0724
C0725,Customer725,1996-06-15,PAN0725,CIF0725
C0726,Customer726,1986-03-26,PAN0726,CIF0726
C0727,Customer727,1985-03-17,PAN0727,CIF0727
C0728,Customer728,1978-02-21,PAN0728,CIF0728
C0729,Customer729,1991-01-20,PAN0729,CIF0729
C0730,Customer730,1998-04-05,PAN0730,CIF0730
C0731,Customer731,1980-05-02,PAN0731,CIF0731
C0732,Customer732,1987-02-21,PAN0732,CIF0732
C0733,Customer733,1997-01-21,PAN0733,CIF0733
C0734,Customer734,1994-05-09,PAN0734,CIF0734
C0735,Customer735,1993-01-08,PAN0735,CIF0735
C0736,Customer736,1999-02-19,PAN0736,CIF0736
C0737,Customer737,1979-07-27,PAN0737,CIF0737
C0738,Customer738,1973-09-13,PAN0738,CIF0738
C0739,Customer739,1999-03-18,PAN0739,CIF0739
C0740,Customer740,1971-01-20,PAN0740,CIF0740
C0741,Customer741,1970-05-08,PAN0741,CIF0741
C0742,Customer742,1982-02-01,PAN0742,CIF0742
C0743,Customer743,1971-12-20,PAN0743,CIF0743
C0744,Customer744,1988-06-26,PAN0744,CIF0744
C0745,Customer745,1990-06-20,PAN0745,CIF0745
C0746,Customer746,1985-08-09,PAN0746,CIF0746
C0747,Customer747,1981-04-26,PAN0747,CIF0747
C0748,Customer748,1980-11-21,PAN0748,CIF0748
C0749,Customer749,1975-09-04,PAN0749,CIF0749
C0750,Customer750,1981-04-22,PAN0750,CIF0750
C0751,Customer751,1974-11-12,PAN0751,CIF0751
C0752,Customer752,1983-09-02,PAN0752,CIF0752
C0753,Customer753,1974-08-18,PAN0753,CIF0753
C0754,Customer754,1981-08-24,PAN0754,CIF0754
C0755,Customer755,1970-08-10,PAN0755,CIF0755
C0756,Customer756,1988-05-09,PAN0756,CIF0756
C0757,Customer757,1996-04-26,PAN0757,CIF0757
C0758,Customer758,1975-07-06,PAN0758,CIF0758
C0759,Customer759,1996-10-03,PAN0759,CIF0759
C0760,Customer760,1970-09-07,PAN0760,CIF0760
C0761,Customer761,1986-10-18,PAN0761,CIF0761
C0762,Customer762,1987-06-25,PAN0762,CIF0762
C0763,Customer763,1992-03-18,PAN0763,CIF0763
C0764,Customer764,1997-08-04,PAN0764,CIF0764
C0765,Customer765,1978-12-11,PAN0765,CIF0765
C0766,Customer766,1994-09-26,PAN0766,CIF0766
C0767,Customer767,1995-06-01,PAN0767,CIF0767
C0768,Customer768,1990-08-02,PAN0768,CIF0768
C0769,Customer769,1975-11-25,PAN0769,CIF0769
C0770,Customer770,1991-10-11,PAN0770,CIF0770
C0771,Customer771,1977-10-14,PAN0771,CIF0771
C0772,Customer772,1996-07-10,PAN0772,CIF0772
C0773,Customer773,1973-04-14,PAN0773,CIF0773
C0774,Customer774,1983-09-28,PAN0774,CIF0774
C0775,Customer775,1982-12-19,PAN0775,CIF0775
C0776,Customer776,1995-06-21,PAN0776,CIF0776
C0777,Customer777,1982-10-24,PAN0777,CIF0777
C0778,Customer778,1994-04-07,PAN0778,CIF0778
C0779,Customer779,1980-03-27,PAN0779,CIF0779
C0780,Customer780,1972-05-15,PAN0780,CIF0780
C0781,Customer781,1992-09-14,PAN0781,CIF0781
C0782,Customer782,1985-03-14,PAN0782,CIF0782
C0783,Customer783,1970-03-17,PAN0783,CIF0783
C0784,Customer784,1993-09-15,PAN0784,CIF0784
C0785,Customer785,1990-12-05,PAN0785,CIF0785
C0786,Customer786,1980-04-05,PAN0786,CIF0786
C0787,Customer787,1982-03-25,PAN0787,CIF0787
C0788,Customer788,1975-02-02,PAN0788,CIF0788
C0789,Customer789,1997-06-25,PAN0789,CIF0789
C0790,Customer790,1992-03-08,PAN0790,CIF0790
C0791,Customer791,1976-01-07,PAN0791,CIF0791
C0792,Customer792,1972-09-05,PAN0792,CIF0792
C0793,Customer793,1998-06-23,PAN0793,CIF0793
C0794,Customer794,1978-02-16,PAN0794,CIF0794
C0795,Customer795,1996-11-14,PAN0795,CIF0795
C0796,Customer796,1992-10-08,PAN0796,CIF0796
C0797,Customer797,1988-05-05,PAN0797,CIF0797
C0798,Customer798,1995-06-08,PAN0798,CIF0798
C0799,Customer799,1992-09-10,PAN0799,CIF0799
C0800,Customer800,1975-01-23,PAN0800,CIF0800
C0801,Customer801,1989-08-23,PAN0801,CIF0801
C0802,Customer802,1988-06-10,PAN0802,CIF0802
C0803,Customer803,1991-06-05,PAN0803,CIF0803
C0804,Customer804,1974-02-16,PAN0804,CIF0804
C0805,Customer805,1995-08-07,PAN0805,CIF0805
C0806,Customer806,1972-12-20,PAN0806,CIF0806
C0807,Customer807,1970-01-07,PAN0807,CIF0807
C0808,Customer808,1985-10-22,PAN0808,CIF0808
C0809,Customer809,1980-12-08,PAN0809,CIF0809
C0810,Customer810,1986-06-26,PAN0810,CIF0810
C0811,Customer811,1977-11-25,PAN0811,CIF0811
C0812,Customer812,1995-05-05,PAN0812,CIF0812
C0813,Customer813,1998-03-15,PAN0813,CIF0813
C0814,Customer814,1976-09-15,PAN0814,CIF0814
C0815,Customer815,1987-02-19,PAN0815,CIF0815
C0816,Customer816,1972-06-07,PAN0816,CIF0816
C0817,Customer817,1999-05-05,PAN0817,CIF0817
C0818,Customer818,1992-10-08,PAN0818,CIF0818
C0819,Customer819,1979-05-28,PAN0819,CIF0819
C0820,Customer820,1971-03-27,PAN0820,CIF0820
C0821,Customer821,1988-12-15,PAN0821,CIF0821
C0822,Customer822,1974-01-20,PAN0822,CIF0822
C0823,Customer823,1998-02-13,PAN0823,CIF0823
C0824,Customer824,1981-04-01,PAN0824,CIF0824
C0825,Customer825,1970-01-18,PAN0825,CIF0825
C0826,Customer826,1989-04-15,PAN0826,CIF0826
C0827,Customer827,1988-12-23,PAN0827,CIF0827
C0828,Customer828,1984-05-20,PAN0828,CIF0828
C0829,Customer829,1994-11-11,PAN0829,CIF0829
C0830,Customer830,1985-12-27,PAN0830,CIF0830
C0831,Customer831,1999-02-03,PAN0831,CIF0831
C0832,Customer832,1987-08-06,PAN0832,CIF0832
C0833,Customer833,1980-10-22,PAN0833,CIF0833
C0834,Customer834,1971-08-01,PAN0834,CIF0834
C0835,Customer835,1987-03-26,PAN0835,CIF0835
C0836,Customer836,1994-12-13,PAN0836,CIF0836
C0837,Customer837,1981-12-26,PAN0837,CIF0837
C0838,Customer838,1995-06-06,PAN0838,CIF0838
C0839,Customer839,1996-04-16,PAN0839,CIF0839
C0840,Customer840,1992-08-25,PAN0840,CIF0840
C0841,Customer841,1997-03-23,PAN0841,CIF0841
C0842,Customer842,1997-12-09,PAN0842,CIF0842
C0843,Customer843,1990-02-06,PAN0843,CIF0843
C0844,Customer844,1971-06-02,PAN0844,CIF0844
C0845,Customer845,1971-09-06,PAN0845,CIF0845
C0846,Customer846,1991-04-08,PAN0846,CIF0846
C0847,Customer847,1981-08-22,PAN0847,CIF0847
C0848,Customer848,1972-10-05,PAN0848,CIF0848
C0849,Customer849,1988-02-27,PAN0849,CIF0849
C0850,Customer850,1971-01-07,PAN0850,CIF0850
C0851,Customer851,1973-02-09,PAN0851,CIF0851
C0852,Customer852,1988-04-25,PAN0852,CIF0852
C0853,Customer853,1992-09-26,PAN0853,CIF0853
C0854,Customer854,1976-07-03,PAN0854,CIF0854
C0855,Customer855,1972-04-23,PAN0855,CIF0855
C0856,Customer856,1979-10-12,PAN0856,CIF0856
C0857,Customer857,1983-08-07,PAN0857,CIF0857
C0858,Customer858,2000-11-25,PAN0858,CIF0858
C0859,Customer859,1999-12-25,PAN0859,CIF0859
C0860,Customer860,1998-09-16,PAN0860,CIF0860
C0861,Customer861,1979-05-20,PAN0861,CIF0861
C0862,Customer862,1993-08-14,PAN0862,CIF0862
C0863,Customer863,1997-07-28,PAN0863,CIF0863
C0864,Customer864,1970-02-08,PAN0864,CIF0864
C0865,Customer865,1996-08-28,PAN0865,CIF0865
C0866,Customer866,1995-06-06,PAN0866,CIF0866
C0867,Customer867,1999-01-07,PAN0867,CIF0867
C0868,Customer868,1984-12-25,PAN0868,CIF0868
C0869,Customer869,2000-05-16,PAN0869,CIF0869
C0870,Customer870,1987-02-04,PAN0870,CIF0870
C0871,Customer871,1994-08-03,PAN0871,CIF0871
C0872,Customer872,1993-05-09,PAN0872,CIF0872
C0873,Customer873,1975-01-09,PAN0873,CIF0873
C0874,Customer874,1998-05-07,PAN0874,CIF0874
C0875,Customer875,1975-03-23,PAN0875,CIF0875
C0876,Customer876,1979-09-01,PAN0876,CIF0876
C0877,Customer877,1977-06-23,PAN0877,CIF0877
C0878,Customer878,1970-11-19,PAN0878,CIF0878
C0879,Customer879,1981-05-07,PAN0879,CIF0879
C0880,Customer880,1976-08-05,PAN0880,CIF0880
C0881,Customer881,1970-09-23,PAN0881,CIF0881
C0882,Customer882,1988-12-08,PAN0882,CIF0882
C0883,Customer883,1986-03-09,PAN0883,CIF0883
C0884,Customer884,1997-03-18,PAN0884,CIF0884
C0885,Customer885,1997-10-10,PAN0885,CIF0885
C0886,Customer886,1987-03-24,PAN0886,CIF0886
C0887,Customer887,1994-06-07,PAN0887,CIF0887
C0888,Customer888,1970-02-08,PAN0888,CIF0888
C0889,Customer889,1981-08-13,PAN0889,CIF0889
C0890,Customer890,1975-06-28,PAN0890,CIF0890
C0891,Customer891,1975-11-05,PAN0891,CIF0891
C0892,Customer892,1991-10-03,PAN0892,CIF0892
C0893,Customer893,1993-12-10,PAN0893,CIF0893
C0894,Customer894,1984-09-13,PAN0894,CIF0894
C0895,Customer895,1991-02-05,PAN0895,CIF0895
C0896,Customer896,1983-08-16,PAN0896,CIF0896
C0897,Customer897,1994-10-02,PAN0897,CIF0897
C0898,Customer898,1971-04-28,PAN0898,CIF0898
C0899,Customer899,1991-09-07,PAN0899,CIF0899
C0900,Customer900,1979-10-24,PAN0900,CIF0900
C0901,Customer901,1989-01-24,PAN0901,CIF0901
C0902,Customer902,1999-10-13,PAN0902,CIF0902
C0903,Customer903,1975-01-02,PAN0903,CIF0903
C0904,Customer904,1983-11-10,PAN0904,CIF0904
C0905,Customer905,1972-05-17,PAN0905,CIF0905
C0906,Customer906,1989-07-17,PAN0906,CIF0906
C0907,Customer907,1970-08-27,PAN0907,CIF0907
C0908,Customer908,1975-06-07,PAN0908,CIF0908
C0909,Customer909,1994-07-26,PAN0909,CIF0909
C0910,Customer910,1995-08-02,PAN0910,CIF0910
C0911,Customer911,1984-05-13,PAN0911,CIF0911
C0912,Customer912,1993-11-05,PAN0912,CIF0912
C0913,Customer913,1992-01-26,PAN0913,CIF0913
C0914,Customer914,1987-03-08,PAN0914,CIF0914
C0915,Customer915,1982-11-22,PAN0915,CIF0915
C0916,Customer916,1979-12-03,PAN0916,CIF0916
C0917,Customer917,1974-03-12,PAN0917,CIF0917
C0918,Customer918,1999-02-25,PAN0918,CIF0918
C0919,Customer919,1973-11-14,PAN0919,CIF0919
C0920,Customer920,1997-07-18,PAN0920,CIF0920
C0921,Customer921,1972-10-10,PAN0921,CIF0921
C0922,Customer922,1986-12-13,PAN0922,CIF0922
C0923,Customer923,1985-04-16,PAN0923,CIF0923
C0924,Customer924,1971-09-08,PAN0924,CIF0924
C0925,Customer925,1998-11-28,PAN0925,CIF0925
C0926,Customer926,1975-01-12,PAN0926,CIF0926
C0927,Customer927,1990-09-05,PAN0927,CIF0927
C0928,Customer928,1987-09-25,PAN0928,CIF0928
C0929,Customer929,1977-12-23,PAN0929,CIF0929
C0930,Customer930,2000-07-12,PAN0930,CIF0930
C0931,Customer931,1974-02-02,PAN0931,CIF0931
C0932,Customer932,1991-09-03,PAN0932,CIF0932
C0933,Customer933,1993-07-26,PAN0933,CIF0933
C0934,Customer934,1989-04-13,PAN0934,CIF0934
C0935,Customer935,1993-08-21,PAN0935,CIF0935
C0936,Customer936,1987-07-26,PAN0936,CIF0936
C0937,Customer937,1983-07-26,PAN0937,CIF0937
C0938,Customer938,1984-03-25,PAN0938,CIF0938
C0939,Customer939,1982-04-14,PAN0939,CIF0939
C0940,Customer940,1989-02-07,PAN0940,CIF0940
C0941,Customer941,1983-08-15,PAN0941,CIF0941
C0942,Customer942,1975-04-06,PAN0942,CIF0942
C0943,Customer943,1998-04-03,PAN0943,CIF0943
C0944,Customer944,1979-03-15,PAN0944,CIF0944
C0945,Customer945,1992-01-06,PAN0945,CIF0945
C0946,Customer946,1990-06-26,PAN0946,CIF0946
C0947,Customer947,1993-11-14,PAN0947,CIF0947
C0948,Customer948,1983-07-19,PAN0948,CIF0948
C0949,Customer949,1999-03-03,PAN0949,CIF0949
C0950,Customer950,1992-01-25,PAN0950,CIF0950
C0951,Customer951,1995-05-22,PAN0951,CIF0951
C0952,Customer952,1971-04-11,PAN0952,CIF0952
C0953,Customer953,1996-07-22,PAN0953,CIF0953
C0954,Customer954,1985-05-01,PAN0954,CIF0954
C0955,Customer955,1991-02-11,PAN0955,CIF0955
C0956,Customer956,1971-10-02,PAN0956,CIF0956
C0957,Customer957,1986-04-21,PAN0957,CIF0957
C0958,Customer958,2000-04-16,PAN0958,CIF0958
C0959,Customer959,2000-06-17,PAN0959,CIF0959
C0960,Customer960,1997-08-14,PAN0960,CIF0960
C0961,Customer961,1998-05-20,PAN0961,CIF0961
C0962,Customer962,1992-05-02,PAN0962,CIF0962
C0963,Customer963,1983-04-21,PAN0963,CIF0963
C0964,Customer964,2000-01-20,PAN0964,CIF0964
C0965,Customer965,1971-01-19,PAN0965,CIF0965
C0966,Customer966,1971-06-17,PAN0966,CIF0966
C0967,Customer967,1994-10-11,PAN0967,CIF0967
C0968,Customer968,1978-11-24,PAN0968,CIF0968
C0969,Customer969,1973-06-15,PAN0969,CIF0969
C0970,Customer970,1979-09-02,PAN0970,CIF0970
C0971,Customer971,1996-10-04,PAN0971,CIF0971
C0972,Customer972,1971-07-05,PAN0972,CIF0972
C0973,Customer973,1978-01-11,PAN0973,CIF0973
C0974,Customer974,1976-03-09,PAN0974,CIF0974
C0975,Customer975,1980-10-10,PAN0975,CIF0975
C0976,Customer976,1980-01-11,PAN0976,CIF0976
C0977,Customer977,1995-03-16,PAN0977,CIF0977
C0978,Customer978,1983-01-16,PAN0978,CIF0978
C0979,Customer979,1974-06-12,PAN0979,CIF0979
C0980,Customer980,1993-01-15,PAN0980,CIF0980
C0981,Customer981,1999-11-01,PAN0981,CIF0981
C0982,Customer982,1979-02-01,PAN0982,CIF0982
C0983,Customer983,1998-03-26,PAN0983,CIF0983
C0984,Customer984,1975-05-18,PAN0984,CIF0984
C0985,Customer985,1997-11-04,PAN0985,CIF0985
C0986,Customer986,1993-09-19,PAN0986,CIF0986
C0987,Customer987,2000-11-08,PAN0987,CIF0987
C0988,Customer988,1998-10-11,PAN0988,CIF0988
C0989,Customer989,1972-02-09,PAN0989,CIF0989
C0990,Customer990,1984-12-15,PAN0990,CIF0990
C0991,Customer991,1970-04-08,PAN0991,CIF0991
C0992,Customer992,1975-10-10,PAN0992,CIF0992
C0993,Customer993,1970-12-15,PAN0993,CIF0993
C0994,Customer994,1985-05-28,PAN0994,CIF0994
C0995,Customer995,1993-12-05,PAN0995,CIF0995
C0996,Customer996,1978-03-21,PAN0996,CIF0996
C0997,Customer997,1991-02-17,PAN0997,CIF0997
C0998,Customer998,1987-07-03,PAN0998,CIF0998
C0999,Customer999,1980-06-03,PAN0999,CIF0999
C1000,Customer1000,1991-01-11,PAN1000,CIF1000
