Email_ID,Email
E0001,user1@gmail.com
E0002,user2@gmail.com
E0003,user3@gmail.com
E0004,user4@gmail.com
E0005,user5@gmail.com
E0006,user6@gmail.com
E0007,user7@gmail.com
E0008,user8@gmail.com
E0009,user9@gmail.com
E0010,user10@gmail.com
E0011,user11@gmail.com
E0012,user12@gmail.com
E0013,user13@gmail.com
E0014,user14@gmail.com
E0015,user15@gmail.com
E0016,user16@gmail.com
E0017,user17@gmail.com
E0018,user18@gmail.com
E0019,user19@gmail.com
E0020,user20@gmail.com
E0021,user21@gmail.com
E0022,user22@gmail.com
E0023,user23@gmail.com
E0024,user24@gmail.com
E0025,user25@gmail.com
E0026,user26@gmail.com
E0027,user27@gmail.com
E0028,user28@gmail.com
E0029,user29@gmail.com
E0030,user30@gmail.com
E0031,user31@gmail.com
E0032,user32@gmail.com
E0033,user33@gmail.com
E0034,user34@gmail.com
E0035,user35@gmail.com
E0036,user36@gmail.com
E0037,user37@gmail.com
E0038,user38@gmail.com
E0039,user39@gmail.com
E0040,user40@gmail.com
E0041,user41@gmail.com
E0042,user42@gmail.com
E0043,user43@gmail.com
E0044,user44@gmail.com
E0045,user45@gmail.com
E0046,user46@gmail.com
E0047,user47@gmail.com
E0048,user48@gmail.com
E0049,user49@gmail.com
E0050,user50@gmail.com
E0051,user51@gmail.com
E0052,user52@gmail.com
E0053,user53@gmail.com
E0054,user54@gmail.com
E0055,user55@gmail.com
E0056,user56@gmail.com
E0057,user57@gmail.com
E0058,user58@gmail.com
E0059,user59@gmail.com
E0060,user60@gmail.com
E0061,user61@gmail.com
E0062,user62@gmail.com
E0063,user63@gmail.com
E0064,user64@gmail.com
E0065,user65@gmail.com
E0066,user66@gmail.com
E0067,user67@gmail.com
E0068,user68@gmail.com
E0069,user69@gmail.com
E0070,user70@gmail.com
E0071,user71@gmail.com
E0072,user72@gmail.com
E0073,user73@gmail.com
E0074,user74@gmail.com
E0075,user75@gmail.com
E0076,user76@gmail.com
E0077,user77@gmail.com
E0078,user78@gmail.com
E0079,user79@gmail.com
E0080,user80@gmail.com
E0081,user81@gmail.com
E0082,user82@gmail.com
E0083,user83@gmail.com
E0084,user84@gmail.com
E0085,user85@gmail.com
E0086,user86@gmail.com
E0087,user87@gmail.com
E0088,user88@gmail.com
E0089,user89@gmail.com
E0090,user90@gmail.com
E0091,user91@gmail.com
E0092,user92@gmail.com
E0093,user93@gmail.com
E0094,user94@gmail.com
E0095,user95@gmail.com
E0096,user96@gmail.com
E0097,user97@gmail.com
E0098,user98@gmail.com
E0099,user99@gmail.com
E0100,user100@gmail.com
E0101,user101@gmail.com
E0102,user102@gmail.com
E0103,user103@gmail.com
E0104,user104@gmail.com
E0105,user105@gmail.com
E0106,user106@gmail.com
E0107,user107@gmail.com
E0108,user108@gmail.com
E0109,user109@gmail.com
E0110,user110@gmail.com
E0111,user111@gmail.com
E0112,user112@gmail.com
E0113,user113@gmail.com
E0114,user114@gmail.com
E0115,user115@gmail.com
E0116,user116@gmail.com
E0117,user117@gmail.com
E0118,user118@gmail.com
E0119,user119@gmail.com
E0120,user120@gmail.com
E0121,user121@gmail.com
E0122,user122@gmail.com
E0123,user123@gmail.com
E0124,user124@gmail.com
E0125,user125@gmail.com
E0126,user126@gmail.com
E0127,user127@gmail.com
E0128,user128@gmail.com
E0129,user129@gmail.com
E0130,user130@gmail.com
E0131,user131@gmail.com
E0132,user132@gmail.com
E0133,user133@gmail.com
E0134,user134@gmail.com
E0135,user135@gmail.com
E0136,user136@gmail.com
E0137,user137@gmail.com
E0138,user138@gmail.com
E0139,user139@gmail.com
E0140,user140@gmail.com
E0141,user141@gmail.com
E0142,user142@gmail.com
E0143,user143@gmail.com
E0144,user144@gmail.com
E0145,user145@gmail.com
E0146,user146@gmail.com
E0147,user147@gmail.com
E0148,user148@gmail.com
E0149,user149@gmail.com
E0150,user150@gmail.com
E0151,user151@gmail.com
E0152,user152@gmail.com
E0153,user153@gmail.com
E0154,user154@gmail.com
E0155,user155@gmail.com
E0156,user156@gmail.com
E0157,user157@gmail.com
E0158,user158@gmail.com
E0159,user159@gmail.com
E0160,user160@gmail.com
E0161,user161@gmail.com
E0162,user162@gmail.com
E0163,user163@gmail.com
E0164,user164@gmail.com
E0165,user165@gmail.com
E0166,user166@gmail.com
E0167,user167@gmail.com
E0168,user168@gmail.com
E0169,user169@gmail.com
E0170,user170@gmail.com
E0171,user171@gmail.com
E0172,user172@gmail.com
E0173,user173@gmail.com
E0174,user174@gmail.com
E0175,user175@gmail.com
E0176,user176@gmail.com
E0177,user177@gmail.com
E0178,user178@gmail.com
E0179,user179@gmail.com
E0180,user180@gmail.com
E0181,user181@gmail.com
E0182,user182@gmail.com
E0183,user183@gmail.com
E0184,user184@gmail.com
E0185,user185@gmail.com
E0186,user186@gmail.com
E0187,user187@gmail.com
E0188,user188@gmail.com
E0189,user189@gmail.com
E0190,user190@gmail.com
E0191,user191@gmail.com
E0192,user192@gmail.com
E0193,user193@gmail.com
E0194,user194@gmail.com
E0195,user195@gmail.com
E0196,user196@gmail.com
E0197,user197@gmail.com
E0198,user198@gmail.com
E0199,user199@gmail.com
E0200,user200@gmail.com
E0201,user201@gmail.com
E0202,user202@gmail.com
E0203,user203@gmail.com
E0204,user204@gmail.com
E0205,user205@gmail.com
E0206,user206@gmail.com
E0207,user207@gmail.com
E0208,user208@gmail.com
E0209,user209@gmail.com
E0210,user210@gmail.com
E0211,user211@gmail.com
E0212,user212@gmail.com
E0213,user213@gmail.com
E0214,user214@gmail.com
E0215,user215@gmail.com
E0216,user216@gmail.com
E0217,user217@gmail.com
E0218,user218@gmail.com
E0219,user219@gmail.com
E0220,user220@gmail.com
E0221,user221@gmail.com
E0222,user222@gmail.com
E0223,user223@gmail.com
E0224,user224@gmail.com
E0225,user225@gmail.com
E0226,user226@gmail.com
E0227,user227@gmail.com
E0228,user228@gmail.com
E0229,user229@gmail.com
E0230,user230@gmail.com
E0231,user231@gmail.com
E0232,user232@gmail.com
E0233,user233@gmail.com
E0234,user234@gmail.com
E0235,user235@gmail.com
E0236,user236@gmail.com
E0237,user237@gmail.com
E0238,user238@gmail.com
E0239,user239@gmail.com
E0240,user240@gmail.com
E0241,user241@gmail.com
E0242,user242@gmail.com
E0243,user243@gmail.com
E0244,user244@gmail.com
E0245,user245@gmail.com
E0246,user246@gmail.com
E0247,user247@gmail.com
E0248,user248@gmail.com
E0249,user249@gmail.com
E0250,user250@gmail.com
E0251,user251@gmail.com
E0252,user252@gmail.com
E0253,user253@gmail.com
E0254,user254@gmail.com
E0255,user255@gmail.com
E0256,user256@gmail.com
E0257,user257@gmail.com
E0258,user258@gmail.com
E0259,user259@gmail.com
E0260,user260@gmail.com
E0261,user261@gmail.com
E0262,user262@gmail.com
E0263,user263@gmail.com
E0264,user264@gmail.com
E0265,user265@gmail.com
E0266,user266@gmail.com
E0267,user267@gmail.com
E0268,user268@gmail.com
E0269,user269@gmail.com
E0270,user270@gmail.com
E0271,user271@gmail.com
E0272,user272@gmail.com
E0273,user273@gmail.com
E0274,user274@gmail.com
E0275,user275@gmail.com
E0276,user276@gmail.com
E0277,user277@gmail.com
E0278,user278@gmail.com
E0279,user279@gmail.com
E0280,user280@gmail.com
E0281,user281@gmail.com
E0282,user282@gmail.com
E0283,user283@gmail.com
E0284,user284@gmail.com
E0285,user285@gmail.com
E0286,user286@gmail.com
E0287,user287@gmail.com
E0288,user288@gmail.com
E0289,user289@gmail.com
E0290,user290@gmail.com
E0291,user291@gmail.com
E0292,user292@gmail.com
E0293,user293@gmail.com
E0294,user294@gmail.com
E0295,user295@gmail.com
E0296,user296@gmail.com
E0297,user297@gmail.com
E0298,user298@gmail.com
E0299,user299@gmail.com
E0300,user300@gmail.com
E0301,user301@gmail.com
E0302,user302@gmail.com
E0303,user303@gmail.com
E0304,user304@gmail.com
E0305,user305@gmail.com
E0306,user306@gmail.com
E0307,user307@gmail.com
E0308,user308@gmail.com
E0309,user309@gmail.com
E0310,user310@gmail.com
E0311,user311@gmail.com
E0312,user312@gmail.com
E0313,user313@gmail.com
E0314,user314@gmail.com
E0315,user315@gmail.com
E0316,user316@gmail.com
E0317,user317@gmail.com
E0318,user318@gmail.com
E0319,user319@gmail.com
E0320,user320@gmail.com
E0321,user321@gmail.com
E0322,user322@gmail.com
E0323,user323@gmail.com
E0324,user324@gmail.com
E0325,user325@gmail.com
E0326,user326@gmail.com
E0327,user327@gmail.com
E0328,user328@gmail.com
E0329,user329@gmail.com
E0330,user330@gmail.com
E0331,user331@gmail.com
E0332,user332@gmail.com
E0333,user333@gmail.com
E0334,user334@gmail.com
E0335,user335@gmail.com
E0336,user336@gmail.com
E0337,user337@gmail.com
E0338,user338@gmail.com
E0339,user339@gmail.com
E0340,user340@gmail.com
E0341,user341@gmail.com
E0342,user342@gmail.com
E0343,user343@gmail.com
E0344,user344@gmail.com
E0345,user345@gmail.com
E0346,user346@gmail.com
E0347,user347@gmail.com
E0348,user348@gmail.com
E0349,user349@gmail.com
E0350,user350@gmail.com
E0351,user351@gmail.com
E0352,user352@gmail.com
E0353,user353@gmail.com
E0354,user354@gmail.com
E0355,user355@gmail.com
E0356,user356@gmail.com
E0357,user357@gmail.com
E0358,user358@gmail.com
E0359,user359@gmail.com
E0360,user360@gmail.com
E0361,user361@gmail.com
E0362,user362@gmail.com
E0363,user363@gmail.com
E0364,user364@gmail.com
E0365,user365@gmail.com
E0366,user366@gmail.com
E0367,user367@gmail.com
E0368,user368@gmail.com
E0369,user369@gmail.com
E0370,user370@gmail.com
E0371,user371@gmail.com
E0372,user372@gmail.com
E0373,user373@gmail.com
E0374,user374@gmail.com
E0375,user375@gmail.com
E0376,user376@gmail.com
E0377,user377@gmail.com
E0378,user378@gmail.com
E0379,user379@gmail.com
E0380,user380@gmail.com
E0381,user381@gmail.com
E0382,user382@gmail.com
E0383,user383@gmail.com
E0384,user384@gmail.com
E0385,user385@gmail.com
E0386,user386@gmail.com
E0387,user387@gmail.com
E0388,user388@gmail.com
E0389,user389@gmail.com
E0390,user390@gmail.com
E0391,user391@gmail.com
E0392,user392@gmail.com
E0393,user393@gmail.com
E0394,user394@gmail.com
E0395,user395@gmail.com
E0396,user396@gmail.com
E0397,user397@gmail.com
E0398,user398@gmail.com
E0399,user399@gmail.com
E0400,user400@gmail.com
E0401,user401@gmail.com
E0402,user402@gmail.com
E0403,user403@gmail.com
E0404,user404@gmail.com
E0405,user405@gmail.com
E0406,user406@gmail.com
E0407,user407@gmail.com
E0408,user408@gmail.com
E0409,user409@gmail.com
E0410,user410@gmail.com
E0411,user411@gmail.com
E0412,user412@gmail.com
E0413,user413@gmail.com
E0414,user414@gmail.com
E0415,user415@gmail.com
E0416,user416@gmail.com
E0417,user417@gmail.com
E0418,user418@gmail.com
E0419,user419@gmail.com
E0420,user420@gmail.com
E0421,user421@gmail.com
E0422,user422@gmail.com
E0423,user423@gmail.com
E0424,user424@gmail.com
E0425,user425@gmail.com
E0426,user426@gmail.com
E0427,user427@gmail.com
E0428,user428@gmail.com
E0429,user429@gmail.com
E0430,user430@gmail.com
E0431,user431@gmail.com
E0432,user432@gmail.com
E0433,user433@gmail.com
E0434,user434@gmail.com
E0435,user435@gmail.com
E0436,user436@gmail.com
E0437,user437@gmail.com
E0438,user438@gmail.com
E0439,user439@gmail.com
E0440,user440@gmail.com
E0441,user441@gmail.com
E0442,user442@gmail.com
E0443,user443@gmail.com
E0444,user444@gmail.com
E0445,user445@gmail.com
E0446,user446@gmail.com
E0447,user447@gmail.com
E0448,user448@gmail.com
E0449,user449@gmail.com
E0450,user450@gmail.com
E0451,user451@gmail.com
E0452,user452@gmail.com
E0453,user453@gmail.com
E0454,user454@gmail.com
E0455,user455@gmail.com
E0456,user456@gmail.com
E0457,user457@gmail.com
E0458,user458@gmail.com
E0459,user459@gmail.com
E0460,user460@gmail.com
E0461,user461@gmail.com
E0462,user462@gmail.com
E0463,user463@gmail.com
E0464,user464@gmail.com
E0465,user465@gmail.com
E0466,user466@gmail.com
E0467,user467@gmail.com
E0468,user468@gmail.com
E0469,user469@gmail.com
E0470,user470@gmail.com
E0471,user471@gmail.com
E0472,user472@gmail.com
E0473,user473@gmail.com
E0474,user474@gmail.com
E0475,user475@gmail.com
E0476,user476@gmail.com
E0477,user477@gmail.com
E0478,user478@gmail.com
E0479,user479@gmail.com
E0480,user480@gmail.com
E0481,user481@gmail.com
E0482,user482@gmail.com
E0483,user483@gmail.com
E0484,user484@gmail.com
E0485,user485@gmail.com
E0486,user486@gmail.com
E0487,user487@gmail.com
E0488,user488@gmail.com
E0489,user489@gmail.com
E0490,user490@gmail.com
E0491,user491@gmail.com
E0492,user492@gmail.com
E0493,user493@gmail.com
E0494,user494@gmail.com
E0495,user495@gmail.com
E0496,user496@gmail.com
E0497,user497@gmail.com
E0498,user498@gmail.com
E0499,user499@gmail.com
E0500,user500@gmail.com
E0501,user501@gmail.com
E0502,user502@gmail.com
E0503,user503@gmail.com
E0504,user504@gmail.com
E0505,user505@gmail.com
E0506,user506@gmail.com
E0507,user507@gmail.com
E0508,user508@gmail.com
E0509,user509@gmail.com
E0510,user510@gmail.com
E0511,user511@gmail.com
E0512,user512@gmail.com
E0513,user513@gmail.com
E0514,user514@gmail.com
E0515,user515@gmail.com
E0516,user516@gmail.com
E0517,user517@gmail.com
E0518,user518@gmail.com
E0519,user519@gmail.com
E0520,user520@gmail.com
E0521,user521@gmail.com
E0522,user522@gmail.com
E0523,user523@gmail.com
E0524,user524@gmail.com
E0525,user525@gmail.com
E0526,user526@gmail.com
E0527,user527@gmail.com
E0528,user528@gmail.com
E0529,user529@gmail.com
E0530,user530@gmail.com
E0531,user531@gmail.com
E0532,user532@gmail.com
E0533,user533@gmail.com
E0534,user534@gmail.com
E0535,user535@gmail.com
E0536,user536@gmail.com
E0537,user537@gmail.com
E0538,user538@gmail.com
E0539,user539@gmail.com
E0540,user540@gmail.com
E0541,user541@gmail.com
E0542,user542@gmail.com
E0543,user543@gmail.com
E0544,user544@gmail.com
E0545,user545@gmail.com
E0546,user546@gmail.com
E0547,user547@gmail.com
E0548,user548@gmail.com
E0549,user549@gmail.com
E0550,user550@gmail.com
E0551,user551@gmail.com
E0552,user552@gmail.com
E0553,user553@gmail.com
E0554,user554@gmail.com
E0555,user555@gmail.com
E0556,user556@gmail.com
E0557,user557@gmail.com
E0558,user558@gmail.com
E0559,user559@gmail.com
E0560,user560@gmail.com
E0561,user561@gmail.com
E0562,user562@gmail.com
E0563,user563@gmail.com
E0564,user564@gmail.com
E0565,user565@gmail.com
E0566,user566@gmail.com
E0567,user567@gmail.com
E0568,user568@gmail.com
E0569,user569@gmail.com
E0570,user570@gmail.com
E0571,user571@gmail.com
E0572,user572@gmail.com
E0573,user573@gmail.com
E0574,user574@gmail.com
E0575,user575@gmail.com
E0576,user576@gmail.com
E0577,user577@gmail.com
E0578,user578@gmail.com
E0579,user579@gmail.com
E0580,user580@gmail.com
E0581,user581@gmail.com
E0582,user582@gmail.com
E0583,user583@gmail.com
E0584,user584@gmail.com
E0585,user585@gmail.com
E0586,user586@gmail.com
E0587,user587@gmail.com
E0588,user588@gmail.com
E0589,user589@gmail.com
E0590,user590@gmail.com
E0591,user591@gmail.com
E0592,user592@gmail.com
E0593,user593@gmail.com
E0594,user594@gmail.com
E0595,user595@gmail.com
E0596,user596@gmail.com
E0597,user597@gmail.com
E0598,user598@gmail.com
E0599,user599@gmail.com
E0600,user600@gmail.com
E0601,user601@gmail.com
E0602,user602@gmail.com
E0603,user603@gmail.com
E0604,user604@gmail.com
E0605,user605@gmail.com
E0606,user606@gmail.com
E0607,user607@gmail.com
E0608,user608@gmail.com
E0609,user609@gmail.com
E0610,user610@gmail.com
E0611,user611@gmail.com
E0612,user612@gmail.com
E0613,user613@gmail.com
E0614,user614@gmail.com
E0615,user615@gmail.com
E0616,user616@gmail.com
E0617,user617@gmail.com
E0618,user618@gmail.com
E0619,user619@gmail.com
E0620,user620@gmail.com
E0621,user621@gmail.com
E0622,user622@gmail.com
E0623,user623@gmail.com
E0624,user624@gmail.com
E0625,user625@gmail.com
E0626,user626@gmail.com
E0627,user627@gmail.com
E0628,user628@gmail.com
E0629,user629@gmail.com
E0630,user630@gmail.com
E0631,user631@gmail.com
E0632,user632@gmail.com
E0633,user633@gmail.com
E0634,user634@gmail.com
E0635,user635@gmail.com
E0636,user636@gmail.com
E0637,user637@gmail.com
E0638,user638@gmail.com
E0639,user639@gmail.com
E0640,user640@gmail.com
E0641,user641@gmail.com
E0642,user642@gmail.com
E0643,user643@gmail.com
E0644,user644@gmail.com
E0645,user645@gmail.com
E0646,user646@gmail.com
E0647,user647@gmail.com
E0648,user648@gmail.com
E0649,user649@gmail.com
E0650,user650@gmail.com
E0651,user651@gmail.com
E0652,user652@gmail.com
E0653,user653@gmail.com
E0654,user654@gmail.com
E0655,user655@gmail.com
E0656,user656@gmail.com
E0657,user657@gmail.com
E0658,user658@gmail.com
E0659,user659@gmail.com
E0660,user660@gmail.com
E0661,user661@gmail.com
E0662,user662@gmail.com
E0663,user663@gmail.com
E0664,user664@gmail.com
E0665,user665@gmail.com
E0666,user666@gmail.com
E0667,user667@gmail.com
E0668,user668@gmail.com
E0669,user669@gmail.com
E0670,user670@gmail.com
E0671,user671@gmail.com
E0672,user672@gmail.com
E0673,user673@gmail.com
E0674,user674@gmail.com
E0675,user675@gmail.com
E0676,user676@gmail.com
E0677,user677@gmail.com
E0678,user678@gmail.com
E0679,user679@gmail.com
E0680,user680@gmail.com
E0681,user681@gmail.com
E0682,user682@gmail.com
E0683,user683@gmail.com
E0684,user684@gmail.com
E0685,user685@gmail.com
E0686,user686@gmail.com
E0687,user687@gmail.com
E0688,user688@gmail.com
E0689,user689@gmail.com
E0690,user690@gmail.com
E0691,user691@gmail.com
E0692,user692@gmail.com
E0693,user693@gmail.com
E0694,user694@gmail.com
E0695,user695@gmail.com
E0696,user696@gmail.com
E0697,user697@gmail.com
E0698,user698@gmail.com
E0699,user699@gmail.com
E0700,user700@gmail.com
E0701,user701@gmail.com
E0702,user702@gmail.com
E0703,user703@gmail.com
E0704,user704@gmail.com
E0705,user705@gmail.com
E0706,user706@gmail.com
E0707,user707@gmail.com
E0708,user708@gmail.com
E0709,user709@gmail.com
E0710,user710@gmail.com
E0711,user711@gmail.com
E0712,user712@gmail.com
E0713,user713@gmail.com
E0714,user714@gmail.com
E0715,user715@gmail.com
E0716,user716@gmail.com
E0717,user717@gmail.com
E0718,user718@gmail.com
E0719,user719@gmail.com
E0720,user720@gmail.com
E0721,user721@gmail.com
E0722,user722@gmail.com
E0723,user723@gmail.com
E0724,user724@gmail.com
E0725,user725@gmail.com
E0726,user726@gmail.com
E0727,user727@gmail.com
E0728,user728@gmail.com
E0729,user729@gmail.com
E0730,user730@gmail.com
E0731,user731@gmail.com
E0732,user732@gmail.com
E0733,user733@gmail.com
E0734,user734@gmail.com
E0735,user735@gmail.com
E0736,user736@gmail.com
E0737,user737@gmail.com
E0738,user738@gmail.com
E0739,user739@gmail.com
E0740,user740@gmail.com
E0741,user741@gmail.com
E0742,user742@gmail.com
E0743,user743@gmail.com
E0744,user744@gmail.com
E0745,user745@gmail.com
E0746,user746@gmail.com
E0747,user747@gmail.com
E0748,user748@gmail.com
E0749,user749@gmail.com
E0750,user750@gmail.com
E0751,user751@gmail.com
E0752,user752@gmail.com
E0753,user753@gmail.com
E0754,user754@gmail.com
E0755,user755@gmail.com
E0756,user756@gmail.com
E0757,user757@gmail.com
E0758,user758@gmail.com
E0759,user759@gmail.com
E0760,user760@gmail.com
E0761,user761@gmail.com
E0762,user762@gmail.com
E0763,user763@gmail.com
E0764,user764@gmail.com
E0765,user765@gmail.com
E0766,user766@gmail.com
E0767,user767@gmail.com
E0768,user768@gmail.com
E0769,user769@gmail.com
E0770,user770@gmail.com
E0771,user771@gmail.com
E0772,user772@gmail.com
E0773,user773@gmail.com
E0774,user774@gmail.com
E0775,user775@gmail.com
E0776,user776@gmail.com
E0777,user777@gmail.com
E0778,user778@gmail.com
E0779,user779@gmail.com
E0780,user780@gmail.com
E0781,user781@gmail.com
E0782,user782@gmail.com
E0783,user783@gmail.com
E0784,user784@gmail.com
E0785,user785@gmail.com
E0786,user786@gmail.com
E0787,user787@gmail.com
E0788,user788@gmail.com
E0789,user789@gmail.com
E0790,user790@gmail.com
E0791,user791@gmail.com
E0792,user792@gmail.com
E0793,user793@gmail.com
E0794,user794@gmail.com
E0795,user795@gmail.com
E0796,user796@gmail.com
E0797,user797@gmail.com
E0798,user798@gmail.com
E0799,user799@gmail.com
E0800,user800@gmail.com
E0801,user801@gmail.com
E0802,user802@gmail.com
E0803,user803@gmail.com
E0804,user804@gmail.com
E0805,user805@gmail.com
E0806,user806@gmail.com
E0807,user807@gmail.com
E0808,user808@gmail.com
E0809,user809@gmail.com
E0810,user810@gmail.com
E0811,user811@gmail.com
E0812,user812@gmail.com
E0813,user813@gmail.com
E0814,user814@gmail.com
E0815,user815@gmail.com
E0816,user816@gmail.com
E0817,user817@gmail.com
E0818,user818@gmail.com
E0819,user819@gmail.com
E0820,user820@gmail.com
E0821,user821@gmail.com
E0822,user822@gmail.com
E0823,user823@gmail.com
E0824,user824@gmail.com
E0825,user825@gmail.com
E0826,user826@gmail.com
E0827,user827@gmail.com
E0828,user828@gmail.com
E0829,user829@gmail.com
E0830,user830@gmail.com
E0831,user831@gmail.com
E0832,user832@gmail.com
E0833,user833@gmail.com
E0834,user834@gmail.com
E0835,user835@gmail.com
E0836,user836@gmail.com
E0837,user837@gmail.com
E0838,user838@gmail.com
E0839,user839@gmail.com
E0840,user840@gmail.com
E0841,user841@gmail.com
E0842,user842@gmail.com
E0843,user843@gmail.com
E0844,user844@gmail.com
E0845,user845@gmail.com
E0846,user846@gmail.com
E0847,user847@gmail.com
E0848,user848@gmail.com
E0849,user849@gmail.com
E0850,user850@gmail.com
E0851,user851@gmail.com
E0852,user852@gmail.com
E0853,user853@gmail.com
E0854,user854@gmail.com
E0855,user855@gmail.com
E0856,user856@gmail.com
E0857,user857@gmail.com
E0858,user858@gmail.com
E0859,user859@gmail.com
E0860,user860@gmail.com
E0861,user861@gmail.com
E0862,user862@gmail.com
E0863,user863@gmail.com
E0864,user864@gmail.com
E0865,user865@gmail.com
E0866,user866@gmail.com
E0867,user867@gmail.com
E0868,user868@gmail.com
E0869,user869@gmail.com
E0870,user870@gmail.com
E0871,user871@gmail.com
E0872,user872@gmail.com
E0873,user873@gmail.com
E0874,user874@gmail.com
E0875,user875@gmail.com
E0876,user876@gmail.com
E0877,user877@gmail.com
E0878,user878@gmail.com
E0879,user879@gmail.com
E0880,user880@gmail.com
E0881,user881@gmail.com
E0882,user882@gmail.com
E0883,user883@gmail.com
E0884,user884@gmail.com
E0885,user885@gmail.com
E0886,user886@gmail.com
E0887,user887@gmail.com
E0888,user888@gmail.com
E0889,user889@gmail.com
E0890,user890@gmail.com
E0891,user891@gmail.com
E0892,user892@gmail.com
E0893,user893@gmail.com
E0894,user894@gmail.com
E0895,user895@gmail.com
E0896,user896@gmail.com
E0897,user897@gmail.com
E0898,user898@gmail.com
E0899,user899@gmail.com
E0900,user900@gmail.com
E0901,user901@gmail.com
E0902,user902@gmail.com
E0903,user903@gmail.com
E0904,user904@gmail.com
E0905,user905@gmail.com
E0906,user906@gmail.com
E0907,user907@gmail.com
E0908,user908@gmail.com
E0909,user909@gmail.com
E0910,user910@gmail.com
E0911,user911@gmail.com
E0912,user912@gmail.com
E0913,user913@gmail.com
E0914,user914@gmail.com
E0915,user915@gmail.com
E0916,user916@gmail.com
E0917,user917@gmail.com
E0918,user918@gmail.com
E0919,user919@gmail.com
E0920,user920@gmail.com
E0921,user921@gmail.com
E0922,user922@gmail.com
E0923,user923@gmail.com
E0924,user924@gmail.com
E0925,user925@gmail.com
E0926,user926@gmail.com
E0927,user927@gmail.com
E0928,user928@gmail.com
E0929,user929@gmail.com
E0930,user930@gmail.com
E0931,user931@gmail.com
E0932,user932@gmail.com
E0933,user933@gmail.com
E0934,user934@gmail.com
E0935,user935@gmail.com
E0936,user936@gmail.com
E0937,user937@gmail.com
E0938,user938@gmail.com
E0939,user939@gmail.com
E0940,user940@gmail.com
E0941,user941@gmail.com
E0942,user942@gmail.com
E0943,user943@gmail.com
E0944,user944@gmail.com
E0945,user945@gmail.com
E0946,user946@gmail.com
E0947,user947@gmail.com
E0948,user948@gmail.com
E0949,user949@gmail.com
E0950,user950@gmail.com
E0951,user951@gmail.com
E0952,user952@gmail.com
E0953,user953@gmail.com
E0954,user954@gmail.com
E0955,user955@gmail.com
E0956,user956@gmail.com
E0957,user957@gmail.com
E0958,user958@gmail.com
E0959,user959@gmail.com
E0960,user960@gmail.com
E0961,user961@gmail.com
E0962,user962@gmail.com
E0963,user963@gmail.com
E0964,user964@gmail.com
E0965,user965@gmail.com
E0966,user966@gmail.com
E0967,user967@gmail.com
E0968,user968@gmail.com
E0969,user969@gmail.com
E0970,user970@gmail.com
E0971,user971@gmail.com
E0972,user972@gmail.com
E0973,user973@gmail.com
E0974,user974@gmail.com
E0975,user975@gmail.com
E0976,user976@gmail.com
E0977,user977@gmail.com
E0978,user978@gmail.com
E0979,user979@gmail.com
E0980,user980@gmail.com
E0981,user981@gmail.com
E0982,user982@gmail.com
E0983,user983@gmail.com
E0984,user984@gmail.com
E0985,user985@gmail.com
E0986,user986@gmail.com
E0987,user987@gmail.com
E0988,user988@gmail.com
E0989,user989@gmail.com
E0990,user990@gmail.com
E0991,user991@gmail.com
E0992,user992@gmail.com
E0993,user993@gmail.com
E0994,user994@gmail.com
E0995,user995@gmail.com
E0996,user996@gmail.com
E0997,user997@gmail.com
E0998,user998@gmail.com
E0999,user999@gmail.com
E1000,user1000@gmail.com
