Phone_ID,Phone_Number
P0001,9000000001
P0002,9000000002
P0003,9000000003
P0004,9000000004
P0005,9000000005
P0006,9000000006
P0007,9000000007
P0008,9000000008
P0009,9000000009
P0010,9000000010
P0011,9000000011
P0012,9000000012
P0013,9000000013
P0014,9000000014
P0015,9000000015
P0016,9000000016
P0017,9000000017
P0018,9000000018
P0019,9000000019
P0020,9000000020
P0021,9000000021
P0022,9000000022
P0023,9000000023
P0024,9000000024
P0025,9000000025
P0026,9000000026
P0027,9000000027
P0028,9000000028
P0029,9000000029
P0030,9000000030
P0031,9000000031
P0032,9000000032
P0033,9000000033
P0034,9000000034
P0035,9000000035
P0036,9000000036
P0037,9000000037
P0038,9000000038
P0039,9000000039
P0040,9000000040
P0041,9000000041
P0042,9000000042
P0043,9000000043
P0044,9000000044
P0045,9000000045
P0046,9000000046
P0047,9000000047
P0048,9000000048
P0049,9000000049
P0050,9000000050
P0051,9000000051
P0052,9000000052
P0053,9000000053
P0054,9000000054
P0055,9000000055
P0056,9000000056
P0057,9000000057
P0058,9000000058
P0059,9000000059
P0060,9000000060
P0061,9000000061
P0062,9000000062
P0063,9000000063
P0064,9000000064
P0065,9000000065
P0066,9000000066
P0067,9000000067
P0068,9000000068
P0069,9000000069
P0070,9000000070
P0071,9000000071
P0072,9000000072
P0073,9000000073
P0074,9000000074
P0075,9000000075
P0076,9000000076
P0077,9000000077
P0078,9000000078
P0079,9000000079
P0080,9000000080
P0081,9000000081
P0082,9000000082
P0083,9000000083
P0084,9000000084
P0085,9000000085
P0086,9000000086
P0087,9000000087
P0088,9000000088
P0089,9000000089
P0090,9000000090
P0091,9000000091
P0092,9000000092
P0093,9000000093
P0094,9000000094
P0095,9000000095
P0096,9000000096
P0097,9000000097
P0098,9000000098
P0099,9000000099
P0100,9000000100
P0101,9000000101
P0102,9000000102
P0103,9000000103
P0104,9000000104
P0105,9000000105
P0106,9000000106
P0107,9000000107
P0108,9000000108
P0109,9000000109
P0110,9000000110
P0111,9000000111
P0112,9000000112
P0113,9000000113
P0114,9000000114
P0115,9000000115
P0116,9000000116
P0117,9000000117
P0118,9000000118
P0119,9000000119
P0120,9000000120
P0121,9000000121
P0122,9000000122
P0123,9000000123
P0124,9000000124
P0125,9000000125
P0126,9000000126
P0127,9000000127
P0128,9000000128
P0129,9000000129
P0130,9000000130
P0131,9000000131
P0132,9000000132
P0133,9000000133
P0134,9000000134
P0135,9000000135
P0136,9000000136
P0137,9000000137
P0138,9000000138
P0139,9000000139
P0140,9000000140
P0141,9000000141
P0142,9000000142
P0143,9000000143
P0144,9000000144
P0145,9000000145
P0146,9000000146
P0147,9000000147
P0148,9000000148
P0149,9000000149
P0150,9000000150
P0151,9000000151
P0152,9000000152
P0153,9000000153
P0154,9000000154
P0155,9000000155
P0156,9000000156
P0157,9000000157
P0158,9000000158
P0159,9000000159
P0160,9000000160
P0161,9000000161
P0162,9000000162
P0163,9000000163
P0164,9000000164
P0165,9000000165
P0166,9000000166
P0167,9000000167
P0168,9000000168
P0169,9000000169
P0170,9000000170
P0171,9000000171
P0172,9000000172
P0173,9000000173
P0174,9000000174
P0175,9000000175
P0176,9000000176
P0177,9000000177
P0178,9000000178
P0179,9000000179
P0180,9000000180
P0181,9000000181
P0182,9000000182
P0183,9000000183
P0184,9000000184
P0185,9000000185
P0186,9000000186
P0187,9000000187
P0188,9000000188
P0189,9000000189
P0190,9000000190
P0191,9000000191
P0192,9000000192
P0193,9000000193
P0194,9000000194
P0195,9000000195
P0196,9000000196
P0197,9000000197
P0198,9000000198
P0199,9000000199
P0200,9000000200
P0201,9000000201
P0202,9000000202
P0203,9000000203
P0204,9000000204
P0205,9000000205
P0206,9000000206
P0207,9000000207
P0208,9000000208
P0209,9000000209
P0210,9000000210
P0211,9000000211
P0212,9000000212
P0213,9000000213
P0214,9000000214
P0215,9000000215
P0216,9000000216
P0217,9000000217
P0218,9000000218
P0219,9000000219
P0220,9000000220
P0221,9000000221
P0222,9000000222
P0223,9000000223
P0224,9000000224
P0225,9000000225
P0226,9000000226
P0227,9000000227
P0228,9000000228
P0229,9000000229
P0230,9000000230
P0231,9000000231
P0232,9000000232
P0233,9000000233
P0234,9000000234
P0235,9000000235
P0236,9000000236
P0237,9000000237
P0238,9000000238
P0239,9000000239
P0240,9000000240
P0241,9000000241
P0242,9000000242
P0243,9000000243
P0244,9000000244
P0245,9000000245
P0246,9000000246
P0247,9000000247
P0248,9000000248
P0249,9000000249
P0250,9000000250
P0251,9000000251
P0252,9000000252
P0253,9000000253
P0254,9000000254
P0255,9000000255
P0256,9000000256
P0257,9000000257
P0258,9000000258
P0259,9000000259
P0260,9000000260
P0261,9000000261
P0262,9000000262
P0263,9000000263
P0264,9000000264
P0265,9000000265
P0266,9000000266
P0267,9000000267
P0268,9000000268
P0269,9000000269
P0270,9000000270
P0271,9000000271
P0272,9000000272
P0273,9000000273
P0274,9000000274
P0275,9000000275
P0276,9000000276
P0277,9000000277
P0278,9000000278
P0279,9000000279
P0280,9000000280
P0281,9000000281
P0282,9000000282
P0283,9000000283
P0284,9000000284
P0285,9000000285
P0286,9000000286
P0287,9000000287
P0288,9000000288
P0289,9000000289
P0290,9000000290
P0291,9000000291
P0292,9000000292
P0293,9000000293
P0294,9000000294
P0295,9000000295
P0296,9000000296
P0297,9000000297
P0298,9000000298
P0299,9000000299
P0300,9000000300
P0301,9000000301
P0302,9000000302
P0303,9000000303
P0304,9000000304
P0305,9000000305
P0306,9000000306
P0307,9000000307
P0308,9000000308
P0309,9000000309
P0310,9000000310
P0311,9000000311
P0312,9000000312
P0313,9000000313
P0314,9000000314
P0315,9000000315
P0316,9000000316
P0317,9000000317
P0318,9000000318
P0319,9000000319
P0320,9000000320
P0321,9000000321
P0322,9000000322
P0323,9000000323
P0324,9000000324
P0325,9000000325
P0326,9000000326
P0327,9000000327
P0328,9000000328
P0329,9000000329
P0330,9000000330
P0331,9000000331
P0332,9000000332
P0333,9000000333
P0334,9000000334
P0335,9000000335
P0336,9000000336
P0337,9000000337
P0338,9000000338
P0339,9000000339
P0340,9000000340
P0341,9000000341
P0342,9000000342
P0343,9000000343
P0344,9000000344
P0345,9000000345
P0346,9000000346
P0347,9000000347
P0348,9000000348
P0349,9000000349
P0350,9000000350
P0351,9000000351
P0352,9000000352
P0353,9000000353
P0354,9000000354
P0355,9000000355
P0356,9000000356
P0357,9000000357
P0358,9000000358
P0359,9000000359
P0360,9000000360
P0361,9000000361
P0362,9000000362
P0363,9000000363
P0364,9000000364
P0365,9000000365
P0366,9000000366
P0367,9000000367
P0368,9000000368
P0369,9000000369
P0370,9000000370
P0371,9000000371
P0372,9000000372
P0373,9000000373
P0374,9000000374
P0375,9000000375
P0376,9000000376
P0377,9000000377
P0378,9000000378
P0379,9000000379
P0380,9000000380
P0381,9000000381
P0382,9000000382
P0383,9000000383
P0384,9000000384
P0385,9000000385
P0386,9000000386
P0387,9000000387
P0388,9000000388
P0389,9000000389
P0390,9000000390
P0391,9000000391
P0392,9000000392
P0393,9000000393
P0394,9000000394
P0395,9000000395
P0396,9000000396
P0397,9000000397
P0398,9000000398
P0399,9000000399
P0400,9000000400
P0401,9000000401
P0402,9000000402
P0403,9000000403
P0404,9000000404
P0405,9000000405
P0406,9000000406
P0407,9000000407
P0408,9000000408
P0409,9000000409
P0410,9000000410
P0411,9000000411
P0412,9000000412
P0413,9000000413
P0414,9000000414
P0415,9000000415
P0416,9000000416
P0417,9000000417
P0418,9000000418
P0419,9000000419
P0420,9000000420
P0421,9000000421
P0422,9000000422
P0423,9000000423
P0424,9000000424
P0425,9000000425
P0426,9000000426
P0427,9000000427
P0428,9000000428
P0429,9000000429
P0430,9000000430
P0431,9000000431
P0432,9000000432
P0433,9000000433
P0434,9000000434
P0435,9000000435
P0436,9000000436
P0437,9000000437
P0438,9000000438
P0439,9000000439
P0440,9000000440
P0441,9000000441
P0442,9000000442
P0443,9000000443
P0444,9000000444
P0445,9000000445
P0446,9000000446
P0447,9000000447
P0448,9000000448
P0449,9000000449
P0450,9000000450
P0451,9000000451
P0452,9000000452
P0453,9000000453
P0454,9000000454
P0455,9000000455
P0456,9000000456
P0457,9000000457
P0458,9000000458
P0459,9000000459
P0460,9000000460
P0461,9000000461
P0462,9000000462
P0463,9000000463
P0464,9000000464
P0465,9000000465
P0466,9000000466
P0467,9000000467
P0468,9000000468
P0469,9000000469
P0470,9000000470
P0471,9000000471
P0472,9000000472
P0473,9000000473
P0474,9000000474
P0475,9000000475
P0476,9000000476
P0477,9000000477
P0478,9000000478
P0479,9000000479
P0480,9000000480
P0481,9000000481
P0482,9000000482
P0483,9000000483
P0484,9000000484
P0485,9000000485
P0486,9000000486
P0487,9000000487
P0488,9000000488
P0489,9000000489
P0490,9000000490
P0491,9000000491
P0492,9000000492
P0493,9000000493
P0494,9000000494
P0495,9000000495
P0496,9000000496
P0497,9000000497
P0498,9000000498
P0499,9000000499
P0500,9000000500
P0501,9000000501
P0502,9000000502
P0503,9000000503
P0504,9000000504
P0505,9000000505
P0506,9000000506
P0507,9000000507
P0508,9000000508
P0509,9000000509
P0510,9000000510
P0511,9000000511
P0512,9000000512
P0513,9000000513
P0514,9000000514
P0515,9000000515
P0516,9000000516
P0517,9000000517
P0518,9000000518
P0519,9000000519
P0520,9000000520
P0521,9000000521
P0522,9000000522
P0523,9000000523
P0524,9000000524
P0525,9000000525
P0526,9000000526
P0527,9000000527
P0528,9000000528
P0529,9000000529
P0530,9000000530
P0531,9000000531
P0532,9000000532
P0533,9000000533
P0534,9000000534
P0535,9000000535
P0536,9000000536
P0537,9000000537
P0538,9000000538
P0539,9000000539
P0540,9000000540
P0541,9000000541
P0542,9000000542
P0543,9000000543
P0544,9000000544
P0545,9000000545
P0546,9000000546
P0547,9000000547
P0548,9000000548
P0549,9000000549
P0550,9000000550
P0551,9000000551
P0552,9000000552
P0553,9000000553
P0554,9000000554
P0555,9000000555
P0556,9000000556
P0557,9000000557
P0558,9000000558
P0559,9000000559
P0560,9000000560
P0561,9000000561
P0562,9000000562
P0563,9000000563
P0564,9000000564
P0565,9000000565
P0566,9000000566
P0567,9000000567
P0568,9000000568
P0569,9000000569
P0570,9000000570
P0571,9000000571
P0572,9000000572
P0573,9000000573
P0574,9000000574
P0575,9000000575
P0576,9000000576
P0577,9000000577
P0578,9000000578
P0579,9000000579
P0580,9000000580
P0581,9000000581
P0582,9000000582
P0583,9000000583
P0584,9000000584
P0585,9000000585
P0586,9000000586
P0587,9000000587
P0588,9000000588
P0589,9000000589
P0590,9000000590
P0591,9000000591
P0592,9000000592
P0593,9000000593
P0594,9000000594
P0595,9000000595
P0596,9000000596
P0597,9000000597
P0598,9000000598
P0599,9000000599
P0600,9000000600
P0601,9000000601
P0602,9000000602
P0603,9000000603
P0604,9000000604
P0605,9000000605
P0606,9000000606
P0607,9000000607
P0608,9000000608
P0609,9000000609
P0610,9000000610
P0611,9000000611
P0612,9000000612
P0613,9000000613
P0614,9000000614
P0615,9000000615
P0616,9000000616
P0617,9000000617
P0618,9000000618
P0619,9000000619
P0620,9000000620
P0621,9000000621
P0622,9000000622
P0623,9000000623
P0624,9000000624
P0625,9000000625
P0626,9000000626
P0627,9000000627
P0628,9000000628
P0629,9000000629
P0630,9000000630
P0631,9000000631
P0632,9000000632
P0633,9000000633
P0634,9000000634
P0635,9000000635
P0636,9000000636
P0637,9000000637
P0638,9000000638
P0639,9000000639
P0640,9000000640
P0641,9000000641
P0642,9000000642
P0643,9000000643
P0644,9000000644
P0645,9000000645
P0646,9000000646
P0647,9000000647
P0648,9000000648
P0649,9000000649
P0650,9000000650
P0651,9000000651
P0652,9000000652
P0653,9000000653
P0654,9000000654
P0655,9000000655
P0656,9000000656
P0657,9000000657
P0658,9000000658
P0659,9000000659
P0660,9000000660
P0661,9000000661
P0662,9000000662
P0663,9000000663
P0664,9000000664
P0665,9000000665
P0666,9000000666
P0667,9000000667
P0668,9000000668
P0669,9000000669
P0670,9000000670
P0671,9000000671
P0672,9000000672
P0673,9000000673
P0674,9000000674
P0675,9000000675
P0676,9000000676
P0677,9000000677
P0678,9000000678
P0679,9000000679
P0680,9000000680
P0681,9000000681
P0682,9000000682
P0683,9000000683
P0684,9000000684
P0685,9000000685
P0686,9000000686
P0687,9000000687
P0688,9000000688
P0689,9000000689
P0690,9000000690
P0691,9000000691
P0692,9000000692
P0693,9000000693
P0694,9000000694
P0695,9000000695
P0696,9000000696
P0697,9000000697
P0698,9000000698
P0699,9000000699
P0700,9000000700
