Txn_ID,Account_ID,Amount,Merchant
T00001,A0855,30459,Amazon
T00002,A0420,16719,Flipkart
T00003,A0644,10565,Zomato
T00004,A0132,33610,Myntra
T00005,A0645,38121,Flipkart
T00006,A0051,12394,Amazon
T00007,A0068,30695,Swiggy
T00008,A0598,42012,Amazon
T00009,A0831,7046,Myntra
T00010,A0024,29646,Flipkart
T00011,A0239,6576,Myntra
T00012,A0635,28167,Amazon
T00013,A0628,5676,Myntra
T00014,A0612,46320,Myntra
T00015,A0856,20488,Flipkart
T00016,A0508,903,Amazon
T00017,A0196,41625,Zomato
T00018,A0949,14294,Flipkart
T00019,A0204,34591,Swiggy
T00020,A0854,37606,Amazon
T00021,A0501,25406,Zomato
T00022,A0631,7511,Zomato
T00023,A0333,25094,Flipkart
T00024,A0733,29647,Zomato
T00025,A0383,36548,Myntra
T00026,A0961,31779,Amazon
T00027,A0833,7639,Swiggy
T00028,A0899,23452,Flipkart
T00029,A0264,18781,Myntra
T00030,A0894,41885,Flipkart
T00031,A0335,7865,Myntra
T00032,A0859,48494,Zomato
T00033,A0552,16474,Zomato
T00034,A0148,34031,Zomato
T00035,A0914,40260,Flipkart
T00036,A0979,2641,Zomato
T00037,A0699,26646,Amazon
T00038,A0562,28440,Swiggy
T00039,A0161,46724,Swiggy
T00040,A0295,47914,Swiggy
T00041,A0023,163,Zomato
T00042,A0550,21857,Myntra
T00043,A0885,39718,Myntra
T00044,A0171,33535,Myntra
T00045,A0266,20366,Amazon
T00046,A0942,49262,Myntra
T00047,A0163,765,Myntra
T00048,A0548,48064,Myntra
T00049,A0452,38873,Flipkart
T00050,A0244,8098,Swiggy
T00051,A0483,42151,Zomato
T00052,A0274,19964,Amazon
T00053,A0490,49455,Zomato
T00054,A0028,25558,Myntra
T00055,A0813,34596,Zomato
T00056,A0657,47259,Amazon
T00057,A0920,41652,Swiggy
T00058,A0994,26514,Myntra
T00059,A0078,13339,Swiggy
T00060,A0535,40216,Amazon
T00061,A0717,28895,Swiggy
T00062,A0131,19965,Amazon
T00063,A0735,5046,Zomato
T00064,A0751,12303,Zomato
T00065,A0341,16298,Myntra
T00066,A0511,6470,Swiggy
T00067,A0544,8947,Swiggy
T00068,A0510,4153,Swiggy
T00069,A0975,8900,Zomato
T00070,A0629,2442,Myntra
T00071,A0566,34098,Zomato
T00072,A0388,6708,Flipkart
T00073,A0104,47714,Flipkart
T00074,A0318,39241,Amazon
T00075,A0256,2543,Swiggy
T00076,A0875,46116,Myntra
T00077,A0582,45790,Flipkart
T00078,A0565,464,Swiggy
T00079,A0554,32543,Swiggy
T00080,A0569,3734,Swiggy
T00081,A0730,8303,Zomato
T00082,A0192,38304,Swiggy
T00083,A0416,38325,Swiggy
T00084,A0391,25557,Amazon
T00085,A0092,20999,Flipkart
T00086,A0052,12810,Zomato
T00087,A0355,12057,Flipkart
T00088,A0711,5853,Zomato
T00089,A0488,2055,Amazon
T00090,A0995,13958,Amazon
T00091,A0906,30408,Myntra
T00092,A0518,16490,Flipkart
T00093,A0535,25133,Amazon
T00094,A0712,17511,Zomato
T00095,A1000,44900,Zomato
T00096,A0060,38224,Zomato
T00097,A0411,261,Zomato
T00098,A0300,14356,Amazon
T00099,A0571,45423,Myntra
T00100,A0922,41387,Flipkart
T00101,A0577,167,Swiggy
T00102,A0421,47921,Flipkart
T00103,A0989,41560,Myntra
T00104,A0901,23913,Swiggy
T00105,A0907,40118,Zomato
T00106,A0622,5671,Flipkart
T00107,A0970,47714,Swiggy
T00108,A0340,29874,Zomato
T00109,A0406,34582,Zomato
T00110,A0378,49484,Zomato
T00111,A0048,2338,Zomato
T00112,A0806,26386,Zomato
T00113,A0761,47442,Amazon
T00114,A0942,6874,Myntra
T00115,A0082,23960,Myntra
T00116,A0906,37712,Flipkart
T00117,A0681,44839,Swiggy
T00118,A0023,5426,Myntra
T00119,A0676,23341,Amazon
T00120,A0580,15952,Zomato
T00121,A0171,29889,Zomato
T00122,A0145,47457,Zomato
T00123,A0346,24830,Zomato
T00124,A0018,14880,Flipkart
T00125,A0651,49701,Myntra
T00126,A0176,26692,Flipkart
T00127,A0603,36508,Flipkart
T00128,A0287,34951,Myntra
T00129,A0016,23363,Zomato
T00130,A0138,22349,Myntra
T00131,A0854,7609,Swiggy
T00132,A0365,31792,Zomato
T00133,A0953,26388,Swiggy
T00134,A0519,10826,Zomato
T00135,A0150,9130,Swiggy
T00136,A0489,20605,Flipkart
T00137,A0705,3294,Swiggy
T00138,A0338,3844,Flipkart
T00139,A0192,6594,Myntra
T00140,A0515,16238,Zomato
T00141,A0731,38418,Swiggy
T00142,A0386,22543,Swiggy
T00143,A0701,7041,Flipkart
T00144,A0405,18656,Flipkart
T00145,A0666,39066,Flipkart
T00146,A0171,20570,Amazon
T00147,A0152,29386,Amazon
T00148,A0028,22343,Flipkart
T00149,A0128,49218,Swiggy
T00150,A0713,36983,Amazon
T00151,A0614,48529,Flipkart
T00152,A0976,6785,Zomato
T00153,A0259,31296,Myntra
T00154,A0158,43609,Zomato
T00155,A0477,10143,Zomato
T00156,A0287,4942,Zomato
T00157,A0210,37868,Swiggy
T00158,A0950,42857,Myntra
T00159,A0617,40218,Swiggy
T00160,A0463,18635,Amazon
T00161,A0247,40331,Zomato
T00162,A0328,25087,Swiggy
T00163,A0483,11132,Flipkart
T00164,A0654,16069,Amazon
T00165,A0393,44026,Myntra
T00166,A0280,16704,Amazon
T00167,A0135,26279,Myntra
T00168,A0712,40986,Flipkart
T00169,A0732,16845,Amazon
T00170,A0349,30249,Amazon
T00171,A0514,18138,Flipkart
T00172,A0127,9093,Zomato
T00173,A0536,34017,Swiggy
T00174,A0387,27940,Swiggy
T00175,A0187,14438,Amazon
T00176,A0376,36543,Zomato
T00177,A0476,41409,Myntra
T00178,A0222,42880,Amazon
T00179,A0911,12603,Swiggy
T00180,A0470,5980,Flipkart
T00181,A0615,33625,Swiggy
T00182,A0223,45274,Swiggy
T00183,A0087,27147,Flipkart
T00184,A0221,8452,Zomato
T00185,A0662,9058,Zomato
T00186,A0404,47932,Myntra
T00187,A0331,23071,Zomato
T00188,A0136,40887,Myntra
T00189,A0328,40434,Flipkart
T00190,A0405,36175,Myntra
T00191,A0634,49671,Zomato
T00192,A0205,16951,Swiggy
T00193,A0723,13912,Zomato
T00194,A0885,16992,Swiggy
T00195,A0746,23092,Myntra
T00196,A0508,22308,Zomato
T00197,A0837,44004,Myntra
T00198,A0336,2082,Amazon
T00199,A0070,4772,Swiggy
T00200,A0714,7359,Myntra
T00201,A0226,14722,Flipkart
T00202,A0999,10600,Amazon
T00203,A0601,23862,Flipkart
T00204,A0680,46192,Zomato
T00205,A0304,34435,Flipkart
T00206,A0378,25246,Myntra
T00207,A0442,16698,Swiggy
T00208,A0356,5181,Amazon
T00209,A0408,42404,Zomato
T00210,A0321,43044,Zomato
T00211,A0264,6322,Amazon
T00212,A0384,16344,Myntra
T00213,A0137,16023,Zomato
T00214,A0416,38874,Flipkart
T00215,A0684,9457,Swiggy
T00216,A0276,11835,Flipkart
T00217,A0627,45999,Myntra
T00218,A0830,41657,Zomato
T00219,A0514,48659,Flipkart
T00220,A0246,8174,Swiggy
T00221,A0243,32543,Myntra
T00222,A0216,45437,Flipkart
T00223,A0530,18450,Swiggy
T00224,A0631,49264,Myntra
T00225,A0408,36576,Swiggy
T00226,A0121,14443,Flipkart
T00227,A0881,22860,Zomato
T00228,A0405,43228,Flipkart
T00229,A0567,41928,Swiggy
T00230,A0917,34182,Myntra
T00231,A0023,38581,Myntra
T00232,A0627,31964,Zomato
T00233,A0275,39401,Flipkart
T00234,A0404,44393,Flipkart
T00235,A0472,24342,Amazon
T00236,A0877,13317,Amazon
T00237,A0570,35567,Zomato
T00238,A0511,44638,Myntra
T00239,A0257,30024,Myntra
T00240,A0076,12470,Zomato
T00241,A0752,45204,Amazon
T00242,A0698,23506,Swiggy
T00243,A0877,28030,Flipkart
T00244,A0471,46364,Flipkart
T00245,A0027,10295,Swiggy
T00246,A0032,41701,Myntra
T00247,A0498,8741,Swiggy
T00248,A0085,9434,Myntra
T00249,A0549,8959,Zomato
T00250,A0940,17598,Myntra
T00251,A0737,10146,Swiggy
T00252,A0162,11869,Swiggy
T00253,A0555,12158,Flipkart
T00254,A0772,23618,Zomato
T00255,A0355,24414,Amazon
T00256,A0595,29211,Myntra
T00257,A0559,10035,Myntra
T00258,A0958,25212,Amazon
T00259,A0199,17992,Amazon
T00260,A0049,10014,Swiggy
T00261,A0208,40080,Zomato
T00262,A0664,32162,Swiggy
T00263,A0338,16310,Swiggy
T00264,A0494,13791,Amazon
T00265,A0468,29175,Flipkart
T00266,A0982,45068,Myntra
T00267,A0916,33016,Flipkart
T00268,A0506,16733,Amazon
T00269,A0794,18862,Flipkart
T00270,A0532,49601,Myntra
T00271,A0169,21502,Amazon
T00272,A0352,15750,Zomato
T00273,A0963,45495,Amazon
T00274,A0302,3029,Myntra
T00275,A0907,33812,Flipkart
T00276,A0517,2491,Myntra
T00277,A0915,21278,Flipkart
T00278,A0105,15302,Swiggy
T00279,A0120,19051,Myntra
T00280,A0523,31859,Flipkart
T00281,A0393,31043,Swiggy
T00282,A0611,14524,Myntra
T00283,A0456,15793,Amazon
T00284,A0378,32326,Myntra
T00285,A0970,34363,Myntra
T00286,A0008,30675,Amazon
T00287,A0876,13615,Zomato
T00288,A0450,10158,Zomato
T00289,A0880,19319,Swiggy
T00290,A0493,20054,Flipkart
T00291,A0900,12160,Zomato
T00292,A0053,41162,Amazon
T00293,A0425,39054,Amazon
T00294,A0901,48220,Amazon
T00295,A0038,39903,Myntra
T00296,A0093,34484,Amazon
T00297,A0637,31858,Amazon
T00298,A0969,43056,Amazon
T00299,A0819,13375,Amazon
T00300,A0465,25753,Swiggy
T00301,A0421,4142,Zomato
T00302,A0241,10741,Zomato
T00303,A0583,37950,Amazon
T00304,A0674,29109,Amazon
T00305,A0418,5350,Amazon
T00306,A0988,49693,Myntra
T00307,A0224,22404,Swiggy
T00308,A0845,42354,Myntra
T00309,A0800,5872,Myntra
T00310,A0979,1763,Amazon
T00311,A0827,33617,Amazon
T00312,A0854,6272,Zomato
T00313,A0007,43759,Zomato
T00314,A0524,13118,Swiggy
T00315,A0181,747,Amazon
T00316,A0690,41632,Swiggy
T00317,A0143,42974,Myntra
T00318,A0210,12317,Flipkart
T00319,A0399,38704,Amazon
T00320,A0996,37701,Zomato
T00321,A0796,47954,Zomato
T00322,A0840,36134,Swiggy
T00323,A0685,46709,Swiggy
T00324,A0088,12036,Flipkart
T00325,A0668,22947,Swiggy
T00326,A0081,48656,Zomato
T00327,A0677,35311,Zomato
T00328,A0029,19232,Zomato
T00329,A0075,2384,Myntra
T00330,A0386,21828,Swiggy
T00331,A0349,1508,Flipkart
T00332,A0283,36711,Myntra
T00333,A0881,506,Myntra
T00334,A0948,17113,Swiggy
T00335,A0552,27744,Myntra
T00336,A0487,1443,Amazon
T00337,A0028,31570,Amazon
T00338,A0394,40040,Amazon
T00339,A0419,2142,Zomato
T00340,A0648,49286,Swiggy
T00341,A0854,39378,Amazon
T00342,A0595,29366,Zomato
T00343,A0766,26355,Swiggy
T00344,A0136,39068,Swiggy
T00345,A0923,19755,Amazon
T00346,A0133,4525,Amazon
T00347,A0376,30139,Zomato
T00348,A0965,45923,Flipkart
T00349,A0181,1354,Zomato
T00350,A0041,31294,Amazon
T00351,A0808,17312,Swiggy
T00352,A0646,40136,Amazon
T00353,A0233,49428,Flipkart
T00354,A0846,39362,Zomato
T00355,A0688,12190,Amazon
T00356,A0092,19204,Swiggy
T00357,A0141,39576,Flipkart
T00358,A0565,29973,Zomato
T00359,A0781,28021,Swiggy
T00360,A0071,43120,Zomato
T00361,A0693,15432,Myntra
T00362,A0229,19429,Flipkart
T00363,A0043,2801,Flipkart
T00364,A0312,33208,Amazon
T00365,A0467,39067,Amazon
T00366,A0112,6658,Flipkart
T00367,A0493,17392,Myntra
T00368,A0749,21168,Zomato
T00369,A0519,27856,Swiggy
T00370,A0783,30112,Myntra
T00371,A0626,39956,Swiggy
T00372,A0677,5389,Amazon
T00373,A0337,41943,Zomato
T00374,A0545,1936,Zomato
T00375,A0478,22555,Flipkart
T00376,A0121,29164,Amazon
T00377,A0328,36628,Amazon
T00378,A0091,6999,Zomato
T00379,A0169,23258,Myntra
T00380,A0778,36273,Flipkart
T00381,A0660,22749,Swiggy
T00382,A0076,3896,Zomato
T00383,A0230,1797,Zomato
T00384,A0607,34020,Flipkart
T00385,A0853,28080,Swiggy
T00386,A0959,41611,Myntra
T00387,A0689,34349,Amazon
T00388,A0801,28774,Flipkart
T00389,A0505,13621,Swiggy
T00390,A0081,6841,Flipkart
T00391,A0195,12208,Myntra
T00392,A0031,2223,Swiggy
T00393,A0704,32376,Myntra
T00394,A0274,40411,Amazon
T00395,A0942,46059,Myntra
T00396,A0214,16674,Zomato
T00397,A0363,40862,Myntra
T00398,A0417,17090,Flipkart
T00399,A0104,3151,Flipkart
T00400,A0865,31580,Swiggy
T00401,A0149,42196,Myntra
T00402,A0726,34016,Amazon
T00403,A0503,20511,Zomato
T00404,A0608,8309,Swiggy
T00405,A0774,40833,Flipkart
T00406,A0698,15214,Myntra
T00407,A0280,37012,Myntra
T00408,A0628,11985,Myntra
T00409,A0702,26083,Flipkart
T00410,A0581,27307,Myntra
T00411,A0336,41514,Flipkart
T00412,A0219,37436,Myntra
T00413,A0364,19019,Zomato
T00414,A0545,46746,Swiggy
T00415,A0109,20961,Flipkart
T00416,A0228,36908,Myntra
T00417,A0134,10627,Swiggy
T00418,A0954,17946,Flipkart
T00419,A0304,14958,Zomato
T00420,A0050,47526,Zomato
T00421,A0280,39027,Myntra
T00422,A0077,37870,Amazon
T00423,A0705,45846,Myntra
T00424,A0757,37855,Swiggy
T00425,A0476,4736,Flipkart
T00426,A0885,18064,Flipkart
T00427,A0251,13479,Myntra
T00428,A0396,2371,Myntra
T00429,A0861,15365,Amazon
T00430,A0334,12996,Zomato
T00431,A0873,46400,Amazon
T00432,A0356,39148,Flipkart
T00433,A0389,4653,Swiggy
T00434,A0832,18086,Amazon
T00435,A0739,32231,Zomato
T00436,A0641,27273,Myntra
T00437,A0696,42744,Myntra
T00438,A0932,30880,Amazon
T00439,A0091,4761,Amazon
T00440,A0067,45307,Amazon
T00441,A0677,31358,Zomato
T00442,A0979,14804,Myntra
T00443,A0580,19141,Swiggy
T00444,A0409,16437,Swiggy
T00445,A0996,36400,Amazon
T00446,A0152,13259,Flipkart
T00447,A0409,9516,Swiggy
T00448,A0079,1815,Flipkart
T00449,A0548,24569,Zomato
T00450,A0362,33670,Myntra
T00451,A0081,36421,Flipkart
T00452,A0790,3367,Swiggy
T00453,A0663,31212,Amazon
T00454,A0307,33958,Zomato
T00455,A0498,27272,Swiggy
T00456,A0689,15043,Myntra
T00457,A0240,30188,Myntra
T00458,A0271,22755,Zomato
T00459,A0726,25151,Swiggy
T00460,A0258,851,Flipkart
T00461,A0145,49487,Swiggy
T00462,A0614,32371,Amazon
T00463,A0294,17844,Flipkart
T00464,A0501,16703,Zomato
T00465,A0278,15655,Flipkart
T00466,A0705,31209,Amazon
T00467,A0399,13497,Myntra
T00468,A0158,40687,Myntra
T00469,A0621,23548,Zomato
T00470,A0134,46228,Flipkart
T00471,A0578,44409,Amazon
T00472,A0634,12233,Swiggy
T00473,A0249,27803,Zomato
T00474,A0531,47236,Myntra
T00475,A0398,16035,Zomato
T00476,A0548,8090,Flipkart
T00477,A0066,40320,Zomato
T00478,A0285,30255,Flipkart
T00479,A0444,37985,Flipkart
T00480,A0415,24472,Zomato
T00481,A0493,48868,Swiggy
T00482,A0397,12567,Myntra
T00483,A0336,49290,Amazon
T00484,A0327,13869,Myntra
T00485,A0257,26389,Zomato
T00486,A0686,2316,Myntra
T00487,A0199,6364,Myntra
T00488,A0222,16615,Myntra
T00489,A0049,46150,Flipkart
T00490,A0597,28719,Myntra
T00491,A0968,39922,Amazon
T00492,A0753,21378,Amazon
T00493,A0701,41129,Swiggy
T00494,A0696,44336,Zomato
T00495,A0593,5629,Flipkart
T00496,A0625,12207,Amazon
T00497,A0302,16715,Swiggy
T00498,A0600,12050,Amazon
T00499,A0184,15557,Zomato
T00500,A0219,46466,Swiggy
T00501,A0791,37456,Swiggy
T00502,A0037,9433,Amazon
T00503,A0891,12289,Myntra
T00504,A0011,16294,Swiggy
T00505,A0788,1767,Amazon
T00506,A0076,12942,Myntra
T00507,A0110,8873,Flipkart
T00508,A0856,41511,Myntra
T00509,A0435,26663,Zomato
T00510,A0319,17007,Amazon
T00511,A0761,3823,Flipkart
T00512,A0392,46335,Swiggy
T00513,A0002,25136,Myntra
T00514,A0052,41784,Amazon
T00515,A0045,46001,Flipkart
T00516,A0075,39258,Amazon
T00517,A0903,8841,Myntra
T00518,A0184,19944,Zomato
T00519,A0023,515,Myntra
T00520,A0615,40192,Zomato
T00521,A0404,28083,Amazon
T00522,A0807,5063,Swiggy
T00523,A0513,46211,Myntra
T00524,A0220,35333,Swiggy
T00525,A0917,24870,Amazon
T00526,A0983,32728,Swiggy
T00527,A0559,14202,Myntra
T00528,A0133,22313,Flipkart
T00529,A0938,6812,Zomato
T00530,A0149,16331,Amazon
T00531,A0391,12473,Myntra
T00532,A0089,5470,Swiggy
T00533,A0408,20009,Zomato
T00534,A0843,24278,Swiggy
T00535,A0286,22099,Swiggy
T00536,A0726,26341,Zomato
T00537,A0816,2630,Amazon
T00538,A0029,36505,Amazon
T00539,A0988,21715,Myntra
T00540,A0102,49940,Swiggy
T00541,A0928,5974,Flipkart
T00542,A0245,34568,Zomato
T00543,A0722,27873,Amazon
T00544,A0227,1158,Amazon
T00545,A0086,927,Myntra
T00546,A0445,41097,Amazon
T00547,A0990,21357,Amazon
T00548,A0743,41955,Swiggy
T00549,A0291,34228,Amazon
T00550,A0244,7707,Amazon
T00551,A0862,43436,Myntra
T00552,A0037,30045,Zomato
T00553,A0386,48232,Flipkart
T00554,A0851,26259,Myntra
T00555,A0106,11189,Zomato
T00556,A0563,5881,Swiggy
T00557,A0547,1028,Amazon
T00558,A0705,29060,Zomato
T00559,A0757,34403,Flipkart
T00560,A0055,41414,Zomato
T00561,A0687,44065,Amazon
T00562,A0828,37081,Swiggy
T00563,A0905,8703,Zomato
T00564,A0197,32198,Myntra
T00565,A0050,4986,Myntra
T00566,A0435,32454,Flipkart
T00567,A0724,41256,Swiggy
T00568,A0768,35911,Amazon
T00569,A0700,46471,Flipkart
T00570,A0587,12264,Swiggy
T00571,A0854,16486,Flipkart
T00572,A0846,38971,Amazon
T00573,A0703,16131,Flipkart
T00574,A0577,33681,Swiggy
T00575,A0013,47608,Zomato
T00576,A0036,25264,Myntra
T00577,A0477,25920,Flipkart
T00578,A0340,465,Myntra
T00579,A0581,15353,Zomato
T00580,A0196,32383,Swiggy
T00581,A0835,10850,Flipkart
T00582,A0892,14807,Swiggy
T00583,A0705,5683,Flipkart
T00584,A0067,36827,Zomato
T00585,A0765,22891,Flipkart
T00586,A0828,47992,Flipkart
T00587,A0032,4689,Myntra
T00588,A0815,31723,Amazon
T00589,A0276,10282,Amazon
T00590,A0800,42574,Amazon
T00591,A0446,16142,Zomato
T00592,A0722,27355,Myntra
T00593,A0727,11819,Myntra
T00594,A0690,12067,Zomato
T00595,A0145,8306,Amazon
T00596,A0601,1856,Zomato
T00597,A0255,9050,Swiggy
T00598,A0282,18417,Flipkart
T00599,A0974,8457,Zomato
T00600,A0609,49977,Swiggy
T00601,A0775,20488,Myntra
T00602,A0782,12270,Flipkart
T00603,A0708,48239,Myntra
T00604,A0161,47634,Swiggy
T00605,A0269,7958,Myntra
T00606,A0538,2590,Swiggy
T00607,A0996,32120,Flipkart
T00608,A0929,42323,Zomato
T00609,A0179,10391,Zomato
T00610,A0512,38919,Swiggy
T00611,A0643,45871,Flipkart
T00612,A0951,3014,Swiggy
T00613,A0175,1595,Amazon
T00614,A0866,19741,Swiggy
T00615,A0352,15508,Flipkart
T00616,A0262,25837,Flipkart
T00617,A0896,47685,Flipkart
T00618,A0619,11280,Swiggy
T00619,A0056,12589,Zomato
T00620,A0231,34196,Zomato
T00621,A0986,10338,Amazon
T00622,A0778,33587,Flipkart
T00623,A0101,45593,Flipkart
T00624,A0022,10700,Amazon
T00625,A0112,8711,Myntra
T00626,A0389,20865,Flipkart
T00627,A0982,2921,Myntra
T00628,A0838,46314,Swiggy
T00629,A0509,6030,Flipkart
T00630,A0211,24942,Flipkart
T00631,A0059,25993,Zomato
T00632,A0348,23013,Myntra
T00633,A0529,26695,Myntra
T00634,A0197,48050,Zomato
T00635,A0248,39584,Myntra
T00636,A0496,27921,Swiggy
T00637,A0446,39923,Amazon
T00638,A0700,5788,Swiggy
T00639,A0633,34889,Amazon
T00640,A0828,44258,Amazon
T00641,A0232,16597,Swiggy
T00642,A0038,25457,Myntra
T00643,A0850,6841,Amazon
T00644,A0503,30534,Flipkart
T00645,A0174,22356,Zomato
T00646,A0071,48164,Swiggy
T00647,A0454,20043,Amazon
T00648,A0004,13570,Flipkart
T00649,A0749,49065,Flipkart
T00650,A0723,30312,Myntra
T00651,A0641,31405,Zomato
T00652,A0451,10980,Flipkart
T00653,A0169,28833,Flipkart
T00654,A0896,14328,Zomato
T00655,A0373,7215,Myntra
T00656,A0474,7038,Amazon
T00657,A0799,27106,Myntra
T00658,A0071,17306,Myntra
T00659,A0062,25973,Flipkart
T00660,A0987,16493,Zomato
T00661,A0195,28204,Amazon
T00662,A0197,33588,Swiggy
T00663,A0008,42795,Myntra
T00664,A0323,41507,Flipkart
T00665,A0665,10718,Amazon
T00666,A0784,46298,Amazon
T00667,A0300,31352,Swiggy
T00668,A0813,48354,Amazon
T00669,A0723,38447,Flipkart
T00670,A0025,13358,Myntra
T00671,A0798,48389,Swiggy
T00672,A0899,41491,Myntra
T00673,A0102,25381,Zomato
T00674,A0598,6298,Zomato
T00675,A0889,3850,Myntra
T00676,A0153,41480,Amazon
T00677,A0713,12629,Flipkart
T00678,A0026,44270,Amazon
T00679,A0154,45053,Amazon
T00680,A0255,4859,Myntra
T00681,A0949,40041,Flipkart
T00682,A0986,44054,Swiggy
T00683,A0272,8146,Swiggy
T00684,A0531,24838,Myntra
T00685,A0196,30850,Zomato
T00686,A0710,41795,Myntra
T00687,A0026,49186,Flipkart
T00688,A0690,22612,Zomato
T00689,A0728,6195,Zomato
T00690,A0235,44020,Amazon
T00691,A0728,18371,Flipkart
T00692,A0420,13957,Swiggy
T00693,A0260,12095,Flipkart
T00694,A0274,17400,Zomato
T00695,A0639,5524,Zomato
T00696,A0140,42286,Swiggy
T00697,A0193,44273,Flipkart
T00698,A0897,17042,Myntra
T00699,A0931,7802,Flipkart
T00700,A0635,42348,Amazon
T00701,A0965,23321,Flipkart
T00702,A0557,32246,Myntra
T00703,A0093,38894,Zomato
T00704,A0550,11526,Swiggy
T00705,A0802,31049,Flipkart
T00706,A0289,35609,Swiggy
T00707,A0960,14408,Amazon
T00708,A0729,13367,Swiggy
T00709,A0342,15760,Myntra
T00710,A0608,9885,Myntra
T00711,A0092,8562,Myntra
T00712,A0315,21097,Zomato
T00713,A0304,33324,Flipkart
T00714,A0042,7860,Myntra
T00715,A0195,25359,Flipkart
T00716,A0674,47286,Zomato
T00717,A0746,49167,Amazon
T00718,A0441,46340,Swiggy
T00719,A0013,508,Flipkart
T00720,A0338,25768,Amazon
T00721,A0682,43875,Amazon
T00722,A0546,1831,Swiggy
T00723,A0550,4235,Zomato
T00724,A0061,49433,Swiggy
T00725,A0058,21965,Swiggy
T00726,A0471,1029,Amazon
T00727,A0408,23697,Zomato
T00728,A0667,4558,Swiggy
T00729,A0051,7641,Myntra
T00730,A0570,45428,Myntra
T00731,A0274,8232,Flipkart
T00732,A0183,9991,Zomato
T00733,A0900,3201,Swiggy
T00734,A0075,49174,Myntra
T00735,A0294,14175,Amazon
T00736,A0482,1065,Zomato
T00737,A0978,12814,Zomato
T00738,A0513,31059,Zomato
T00739,A0846,19940,Swiggy
T00740,A0467,21074,Myntra
T00741,A0517,27987,Amazon
T00742,A0246,24947,Myntra
T00743,A0690,21951,Myntra
T00744,A0568,15964,Swiggy
T00745,A0819,26758,Amazon
T00746,A0252,26211,Flipkart
T00747,A0891,8970,Flipkart
T00748,A0695,23171,Zomato
T00749,A0792,44169,Myntra
T00750,A0458,8329,Zomato
T00751,A0902,29625,Myntra
T00752,A0872,32497,Flipkart
T00753,A0708,24587,Amazon
T00754,A0039,40641,Amazon
T00755,A0993,22745,Myntra
T00756,A0836,27672,Flipkart
T00757,A0472,44403,Zomato
T00758,A0899,49145,Zomato
T00759,A0674,25625,Flipkart
T00760,A0059,36614,Myntra
T00761,A0341,32372,Myntra
T00762,A0754,49308,Amazon
T00763,A0489,9679,Myntra
T00764,A0310,45750,Swiggy
T00765,A0751,43136,Zomato
T00766,A0453,5273,Swiggy
T00767,A0334,10873,Myntra
T00768,A0918,37314,Swiggy
T00769,A0452,17547,Flipkart
T00770,A0894,11313,Myntra
T00771,A0773,44224,Amazon
T00772,A0179,10465,Myntra
T00773,A0692,42402,Zomato
T00774,A0630,8558,Zomato
T00775,A0687,34282,Swiggy
T00776,A0493,8415,Swiggy
T00777,A0090,20683,Zomato
T00778,A0232,26497,Amazon
T00779,A0287,42009,Flipkart
T00780,A0063,46091,Zomato
T00781,A0954,48313,Amazon
T00782,A0081,10181,Swiggy
T00783,A0917,8982,Swiggy
T00784,A0323,28183,Zomato
T00785,A0934,25949,Myntra
T00786,A0209,6084,Swiggy
T00787,A0582,22159,Flipkart
T00788,A0518,46372,Swiggy
T00789,A0461,19587,Flipkart
T00790,A0052,9561,Amazon
T00791,A0065,9346,Flipkart
T00792,A0896,48384,Zomato
T00793,A0475,48657,Zomato
T00794,A0043,25872,Flipkart
T00795,A0926,31458,Myntra
T00796,A0754,10219,Zomato
T00797,A0907,31735,Myntra
T00798,A0386,546,Swiggy
T00799,A0188,18549,Myntra
T00800,A0860,26028,Zomato
T00801,A0028,9992,Flipkart
T00802,A0120,12479,Amazon
T00803,A0237,15417,Flipkart
T00804,A0941,28721,Flipkart
T00805,A0147,33021,Swiggy
T00806,A0741,16515,Zomato
T00807,A0858,37817,Swiggy
T00808,A0463,23684,Swiggy
T00809,A0730,49574,Zomato
T00810,A0769,16614,Flipkart
T00811,A0761,641,Zomato
T00812,A0263,43308,Flipkart
T00813,A0682,36636,Zomato
T00814,A0433,10761,Flipkart
T00815,A0527,2001,Swiggy
T00816,A0854,1081,Flipkart
T00817,A0083,13120,Zomato
T00818,A0513,13475,Flipkart
T00819,A0837,29130,Amazon
T00820,A0214,9020,Myntra
T00821,A0613,47152,Zomato
T00822,A0449,31714,Amazon
T00823,A0213,31937,Myntra
T00824,A0389,21844,Zomato
T00825,A0104,8385,Flipkart
T00826,A0516,37878,Swiggy
T00827,A0724,36760,Flipkart
T00828,A0797,20612,Myntra
T00829,A0418,22249,Amazon
T00830,A0086,34640,Swiggy
T00831,A0102,41939,Flipkart
T00832,A0270,38962,Flipkart
T00833,A0683,25377,Amazon
T00834,A0453,19715,Myntra
T00835,A0857,48492,Myntra
T00836,A0452,29604,Zomato
T00837,A0056,43084,Flipkart
T00838,A0201,48612,Myntra
T00839,A0534,38075,Flipkart
T00840,A0757,9157,Swiggy
T00841,A0789,19962,Swiggy
T00842,A0424,42966,Amazon
T00843,A0765,16822,Myntra
T00844,A0073,19002,Myntra
T00845,A0651,37906,Myntra
T00846,A0583,49975,Myntra
T00847,A0966,19287,Amazon
T00848,A0406,11904,Myntra
T00849,A0026,34528,Amazon
T00850,A0171,2620,Swiggy
T00851,A0030,15548,Flipkart
T00852,A1000,324,Swiggy
T00853,A0964,44771,Zomato
T00854,A0420,35643,Zomato
T00855,A0524,22716,Flipkart
T00856,A0010,7938,Swiggy
T00857,A0997,30577,Zomato
T00858,A0583,45654,Myntra
T00859,A0099,45262,Zomato
T00860,A0485,4412,Swiggy
T00861,A0175,25230,Zomato
T00862,A0507,46788,Myntra
T00863,A0043,3786,Zomato
T00864,A0349,33414,Myntra
T00865,A0579,33225,Swiggy
T00866,A0653,36386,Zomato
T00867,A0432,17780,Flipkart
T00868,A0993,11788,Swiggy
T00869,A0363,9936,Flipkart
T00870,A0874,5270,Zomato
T00871,A0669,39614,Myntra
T00872,A0231,7097,Amazon
T00873,A0811,21922,Swiggy
T00874,A0639,11972,Myntra
T00875,A0479,19102,Zomato
T00876,A0550,35696,Amazon
T00877,A0613,48375,Flipkart
T00878,A0622,7922,Flipkart
T00879,A0728,40674,Amazon
T00880,A0144,48738,Amazon
T00881,A0697,2167,Swiggy
T00882,A0373,37959,Zomato
T00883,A0602,48564,Swiggy
T00884,A0509,48565,Myntra
T00885,A0990,9296,Swiggy
T00886,A0643,48005,Swiggy
T00887,A0011,48382,Swiggy
T00888,A0491,7429,Swiggy
T00889,A0283,17719,Zomato
T00890,A0764,14142,Zomato
T00891,A0796,49275,Swiggy
T00892,A0928,35557,Swiggy
T00893,A0050,32116,Flipkart
T00894,A0249,9537,Flipkart
T00895,A0715,12131,Amazon
T00896,A0534,46306,Flipkart
T00897,A0017,33908,Flipkart
T00898,A0389,5128,Swiggy
T00899,A0714,29824,Flipkart
T00900,A0917,11929,Amazon
T00901,A0631,31910,Amazon
T00902,A0112,27692,Myntra
T00903,A0447,32064,Myntra
T00904,A0160,25375,Zomato
T00905,A0279,31420,Zomato
T00906,A0123,17874,Swiggy
T00907,A0308,140,Amazon
T00908,A0649,4535,Amazon
T00909,A0744,21447,Swiggy
T00910,A0265,4814,Swiggy
T00911,A0633,21468,Zomato
T00912,A0830,17194,Zomato
T00913,A0414,32650,Amazon
T00914,A0558,43188,Swiggy
T00915,A0468,41090,Myntra
T00916,A0422,28897,Flipkart
T00917,A0343,21295,Amazon
T00918,A0368,29077,Myntra
T00919,A0020,38461,Zomato
T00920,A0156,12373,Swiggy
T00921,A0138,12708,Zomato
T00922,A0756,42620,Amazon
T00923,A0627,40911,Flipkart
T00924,A0714,2671,Swiggy
T00925,A0926,3318,Zomato
T00926,A0923,42914,Zomato
T00927,A0771,36883,Zomato
T00928,A0085,19999,Swiggy
T00929,A0730,13938,Swiggy
T00930,A0773,12509,Amazon
T00931,A0035,10997,Amazon
T00932,A0131,13246,Amazon
T00933,A0638,38445,Zomato
T00934,A0637,38796,Myntra
T00935,A0745,35497,Zomato
T00936,A0580,45645,Zomato
T00937,A0434,3479,Amazon
T00938,A0109,6073,Swiggy
T00939,A0050,48253,Zomato
T00940,A0922,25324,Amazon
T00941,A0072,2431,Flipkart
T00942,A0219,17316,Zomato
T00943,A0869,33379,Swiggy
T00944,A0996,15823,Zomato
T00945,A0528,42203,Myntra
T00946,A0377,6845,Amazon
T00947,A0745,8764,Myntra
T00948,A0856,46986,Myntra
T00949,A0953,12578,Myntra
T00950,A0802,49032,Flipkart
T00951,A0346,1840,Swiggy
T00952,A0016,39671,Swiggy
T00953,A0741,38115,Flipkart
T00954,A0031,23892,Myntra
T00955,A0497,42508,Myntra
T00956,A0553,46134,Myntra
T00957,A0947,40752,Swiggy
T00958,A0221,9063,Zomato
T00959,A0446,10091,Amazon
T00960,A0817,31968,Swiggy
T00961,A0698,3435,Flipkart
T00962,A0083,16638,Zomato
T00963,A0214,27561,Zomato
T00964,A0829,6441,Zomato
T00965,A0835,1934,Flipkart
T00966,A0553,18580,Myntra
T00967,A0343,7377,Amazon
T00968,A0375,29079,Myntra
T00969,A0586,35764,Flipkart
T00970,A0591,8751,Myntra
T00971,A0479,29823,Myntra
T00972,A0163,25990,Swiggy
T00973,A0139,34541,Amazon
T00974,A0279,5997,Myntra
T00975,A0669,7287,Flipkart
T00976,A0819,772,Myntra
T00977,A0167,1326,Swiggy
T00978,A0973,10872,Flipkart
T00979,A0076,41968,Zomato
T00980,A0305,11364,Myntra
T00981,A0356,31831,Flipkart
T00982,A0450,31640,Amazon
T00983,A0381,3450,Amazon
T00984,A0319,844,Zomato
T00985,A0127,37502,Amazon
T00986,A0980,18043,Swiggy
T00987,A0574,7634,Swiggy
T00988,A0587,14532,Myntra
T00989,A0251,7800,Swiggy
T00990,A0018,33944,Zomato
T00991,A0862,36788,Myntra
T00992,A0326,41675,Flipkart
T00993,A0072,22951,Amazon
T00994,A0147,48715,Amazon
T00995,A0752,42389,Flipkart
T00996,A0104,32050,Swiggy
T00997,A0501,23409,Swiggy
T00998,A0354,35400,Amazon
T00999,A0541,48979,Flipkart
T01000,A0193,30651,Flipkart
T01001,A0628,29525,Swiggy
T01002,A0262,13943,Myntra
T01003,A0999,6071,Amazon
T01004,A0660,38201,Swiggy
T01005,A0447,13686,Amazon
T01006,A0792,8907,Zomato
T01007,A0754,17505,Amazon
T01008,A0627,3394,Myntra
T01009,A0659,48855,Flipkart
T01010,A0368,42865,Swiggy
T01011,A0989,4034,Myntra
T01012,A0838,14686,Myntra
T01013,A0978,2323,Flipkart
T01014,A0219,5292,Zomato
T01015,A0218,5108,Swiggy
T01016,A0207,5636,Swiggy
T01017,A0363,1693,Myntra
T01018,A0910,8876,Myntra
T01019,A0438,1815,Zomato
T01020,A0736,7426,Amazon
T01021,A0235,40065,Swiggy
T01022,A0932,1149,Swiggy
T01023,A0400,28243,Amazon
T01024,A0270,36285,Myntra
T01025,A0611,30019,Zomato
T01026,A0933,907,Amazon
T01027,A0462,47938,Flipkart
T01028,A0991,8601,Amazon
T01029,A0459,6233,Flipkart
T01030,A0956,501,Zomato
T01031,A0617,27288,Zomato
T01032,A0606,46651,Swiggy
T01033,A0519,46893,Swiggy
T01034,A0472,38376,Zomato
T01035,A0992,33108,Zomato
T01036,A0463,7542,Myntra
T01037,A0890,39372,Zomato
T01038,A0524,16606,Zomato
T01039,A0669,18918,Amazon
T01040,A0294,13342,Swiggy
T01041,A0456,9358,Flipkart
T01042,A0805,45349,Swiggy
T01043,A0769,33403,Flipkart
T01044,A0775,49535,Myntra
T01045,A0580,14935,Swiggy
T01046,A0447,47861,Swiggy
T01047,A0534,31642,Zomato
T01048,A0046,41137,Myntra
T01049,A0475,5895,Amazon
T01050,A0568,17092,Flipkart
T01051,A0329,32556,Swiggy
T01052,A0526,47442,Flipkart
T01053,A0323,1732,Myntra
T01054,A0931,20937,Amazon
T01055,A0235,31667,Myntra
T01056,A0629,18017,Amazon
T01057,A0806,6659,Swiggy
T01058,A0637,12316,Amazon
T01059,A0759,27265,Zomato
T01060,A0187,45161,Flipkart
T01061,A0491,33135,Flipkart
T01062,A0858,26901,Amazon
T01063,A0267,6972,Swiggy
T01064,A0404,14252,Flipkart
T01065,A0276,23034,Amazon
T01066,A0063,12675,Myntra
T01067,A0172,33770,Flipkart
T01068,A0808,1830,Amazon
T01069,A0973,32017,Swiggy
T01070,A0121,28717,Swiggy
T01071,A0053,35009,Swiggy
T01072,A0250,11661,Amazon
T01073,A0196,4860,Zomato
T01074,A0869,49096,Zomato
T01075,A0060,14420,Zomato
T01076,A0401,11158,Swiggy
T01077,A0437,12903,Swiggy
T01078,A0327,36949,Myntra
T01079,A0460,2103,Swiggy
T01080,A0270,13395,Zomato
T01081,A0739,27881,Swiggy
T01082,A0342,10201,Amazon
T01083,A0559,31011,Swiggy
T01084,A0621,7041,Myntra
T01085,A0928,7934,Zomato
T01086,A0769,40519,Zomato
T01087,A0618,736,Amazon
T01088,A0610,30678,Amazon
T01089,A0971,19243,Flipkart
T01090,A0344,1421,Swiggy
T01091,A0234,4753,Amazon
T01092,A0648,5857,Zomato
T01093,A0331,23279,Myntra
T01094,A0909,30201,Swiggy
T01095,A0513,27560,Flipkart
T01096,A0858,44237,Swiggy
T01097,A0361,5761,Swiggy
T01098,A0335,5694,Swiggy
T01099,A0983,8275,Zomato
T01100,A0333,38595,Myntra
T01101,A0240,46481,Amazon
T01102,A0678,13048,Flipkart
T01103,A0003,48805,Flipkart
T01104,A0295,8465,Zomato
T01105,A0509,19832,Flipkart
T01106,A0241,21017,Amazon
T01107,A0153,37295,Myntra
T01108,A0045,37282,Flipkart
T01109,A0153,45555,Swiggy
T01110,A0715,33958,Zomato
T01111,A0668,35490,Swiggy
T01112,A0106,18386,Myntra
T01113,A0791,27870,Flipkart
T01114,A0087,18068,Myntra
T01115,A0857,5254,Myntra
T01116,A0566,38432,Zomato
T01117,A0417,39349,Zomato
T01118,A0726,6502,Swiggy
T01119,A0293,49311,Zomato
T01120,A0788,26198,Zomato
T01121,A0339,49963,Amazon
T01122,A0685,14696,Swiggy
T01123,A0844,23865,Swiggy
T01124,A0819,12188,Swiggy
T01125,A0121,17182,Amazon
T01126,A0609,40103,Flipkart
T01127,A0403,8593,Swiggy
T01128,A0099,5370,Zomato
T01129,A0254,35490,Amazon
T01130,A0145,6254,Swiggy
T01131,A0557,33678,Flipkart
T01132,A0162,14471,Amazon
T01133,A0196,5238,Swiggy
T01134,A0925,48321,Myntra
T01135,A0167,31445,Amazon
T01136,A0315,19639,Flipkart
T01137,A0040,26987,Swiggy
T01138,A0473,8321,Zomato
T01139,A0558,36426,Myntra
T01140,A0755,15490,Swiggy
T01141,A0769,41730,Flipkart
T01142,A0416,7404,Amazon
T01143,A0655,8408,Amazon
T01144,A0182,47247,Amazon
T01145,A0961,24513,Zomato
T01146,A0591,37901,Swiggy
T01147,A0709,33057,Amazon
T01148,A0987,43915,Swiggy
T01149,A0776,6045,Flipkart
T01150,A0012,23774,Swiggy
T01151,A0662,3275,Amazon
T01152,A0656,19552,Myntra
T01153,A0565,34215,Myntra
T01154,A0451,6831,Flipkart
T01155,A0584,26935,Swiggy
T01156,A0661,29819,Amazon
T01157,A0428,5180,Swiggy
T01158,A0810,41383,Amazon
T01159,A0049,45457,Myntra
T01160,A0406,10892,Swiggy
T01161,A0293,16993,Zomato
T01162,A0800,18119,Myntra
T01163,A0096,2292,Amazon
T01164,A0114,11741,Zomato
T01165,A0887,27716,Amazon
T01166,A0881,49852,Myntra
T01167,A0105,5753,Zomato
T01168,A0210,10409,Flipkart
T01169,A0419,28207,Zomato
T01170,A0967,38816,Zomato
T01171,A0473,37450,Swiggy
T01172,A0262,36975,Amazon
T01173,A0087,20553,Flipkart
T01174,A0441,9332,Myntra
T01175,A0392,29490,Myntra
T01176,A0209,7470,Zomato
T01177,A0449,19987,Myntra
T01178,A0854,39099,Myntra
T01179,A0037,47084,Myntra
T01180,A0896,12653,Flipkart
T01181,A0453,36397,Amazon
T01182,A0708,46370,Flipkart
T01183,A0772,39402,Swiggy
T01184,A0601,10112,Myntra
T01185,A0182,18852,Zomato
T01186,A0511,25190,Myntra
T01187,A0586,22276,Amazon
T01188,A1000,37634,Amazon
T01189,A0112,7312,Amazon
T01190,A0122,35899,Flipkart
T01191,A0856,2781,Myntra
T01192,A0748,43264,Swiggy
T01193,A0746,14825,Myntra
T01194,A0728,46159,Zomato
T01195,A0075,13796,Flipkart
T01196,A0013,36509,Flipkart
T01197,A0888,4009,Flipkart
T01198,A0029,20297,Swiggy
T01199,A0667,26061,Myntra
T01200,A0439,7813,Myntra
T01201,A0672,32977,Zomato
T01202,A0595,33119,Swiggy
T01203,A0395,42552,Flipkart
T01204,A0336,5696,Flipkart
T01205,A0678,33547,Amazon
T01206,A0028,26178,Swiggy
T01207,A0046,5187,Swiggy
T01208,A0621,15718,Swiggy
T01209,A0534,28432,Flipkart
T01210,A0955,14294,Flipkart
T01211,A0959,28315,Amazon
T01212,A0978,3975,Zomato
T01213,A0426,40295,Flipkart
T01214,A0730,1146,Swiggy
T01215,A0397,21162,Flipkart
T01216,A0070,40945,Zomato
T01217,A0089,37988,Flipkart
T01218,A0078,22478,Amazon
T01219,A0932,25695,Myntra
T01220,A0419,19762,Amazon
T01221,A0625,32270,Myntra
T01222,A0649,47909,Zomato
T01223,A0259,9834,Swiggy
T01224,A0239,25682,Myntra
T01225,A0519,10257,Flipkart
T01226,A0539,46528,Amazon
T01227,A0440,13999,Swiggy
T01228,A0001,21009,Flipkart
T01229,A0322,47329,Swiggy
T01230,A0149,13813,Myntra
T01231,A0386,11827,Zomato
T01232,A0667,41160,Myntra
T01233,A0909,34140,Amazon
T01234,A0714,13954,Flipkart
T01235,A0299,35972,Myntra
T01236,A0469,39677,Amazon
T01237,A0029,5302,Flipkart
T01238,A0283,6108,Myntra
T01239,A0479,19116,Swiggy
T01240,A0405,1915,Myntra
T01241,A0290,42518,Amazon
T01242,A0254,17001,Swiggy
T01243,A0267,43923,Myntra
T01244,A0058,46566,Zomato
T01245,A0021,36642,Flipkart
T01246,A0081,5102,Zomato
T01247,A0370,35625,Swiggy
T01248,A0733,6409,Amazon
T01249,A0179,37716,Zomato
T01250,A0003,28926,Amazon
T01251,A0061,17390,Zomato
T01252,A0771,4926,Zomato
T01253,A0875,42435,Amazon
T01254,A0659,8181,Flipkart
T01255,A0357,35600,Myntra
T01256,A0991,12064,Amazon
T01257,A0337,1834,Zomato
T01258,A0614,287,Amazon
T01259,A0238,26933,Swiggy
T01260,A0936,1395,Flipkart
T01261,A0008,36114,Zomato
T01262,A0125,12306,Flipkart
T01263,A0499,30099,Zomato
T01264,A0712,46484,Myntra
T01265,A0999,43183,Swiggy
T01266,A0450,3408,Flipkart
T01267,A0724,23164,Flipkart
T01268,A0486,17899,Amazon
T01269,A0738,38153,Amazon
T01270,A0663,21340,Amazon
T01271,A0989,12412,Zomato
T01272,A0303,32601,Flipkart
T01273,A0333,38684,Swiggy
T01274,A0499,19009,Zomato
T01275,A0068,32903,Flipkart
T01276,A0079,44816,Myntra
T01277,A0731,34695,Swiggy
T01278,A0731,27314,Flipkart
T01279,A0544,31694,Swiggy
T01280,A0875,19005,Flipkart
T01281,A0609,38780,Swiggy
T01282,A0940,38143,Swiggy
T01283,A0908,12373,Amazon
T01284,A0787,28275,Swiggy
T01285,A0039,13638,Amazon
T01286,A0471,19405,Amazon
T01287,A0133,11744,Amazon
T01288,A0687,10086,Flipkart
T01289,A0945,39253,Zomato
T01290,A0145,29248,Zomato
T01291,A0071,15944,Zomato
T01292,A0911,43595,Flipkart
T01293,A0801,45080,Zomato
T01294,A0770,35658,Zomato
T01295,A0140,26083,Myntra
T01296,A0039,7771,Amazon
T01297,A0140,17086,Zomato
T01298,A0506,28015,Zomato
T01299,A0958,2498,Flipkart
T01300,A0842,15076,Myntra
T01301,A0931,8439,Zomato
T01302,A0515,23248,Amazon
T01303,A0166,17642,Myntra
T01304,A0255,27334,Flipkart
T01305,A0316,5744,Flipkart
T01306,A0153,16886,Swiggy
T01307,A0503,18530,Swiggy
T01308,A0766,36033,Flipkart
T01309,A0146,13823,Flipkart
T01310,A0286,12545,Amazon
T01311,A0847,14598,Amazon
T01312,A0507,26285,Swiggy
T01313,A0348,47839,Amazon
T01314,A0686,44442,Myntra
T01315,A0357,35277,Amazon
T01316,A0238,46547,Flipkart
T01317,A0999,9178,Myntra
T01318,A0406,21266,Myntra
T01319,A0956,33472,Swiggy
T01320,A0439,31769,Myntra
T01321,A0700,42027,Myntra
T01322,A0269,8320,Zomato
T01323,A0440,1487,Flipkart
T01324,A0368,39544,Swiggy
T01325,A0952,19462,Swiggy
T01326,A0041,43079,Zomato
T01327,A0386,36631,Myntra
T01328,A0183,36419,Swiggy
T01329,A0356,45263,Flipkart
T01330,A0559,21678,Myntra
T01331,A0162,8807,Amazon
T01332,A0714,28593,Swiggy
T01333,A0420,20038,Amazon
T01334,A0396,44978,Zomato
T01335,A0592,13569,Zomato
T01336,A0935,11031,Amazon
T01337,A0954,25449,Swiggy
T01338,A0569,43789,Flipkart
T01339,A0539,32493,Zomato
T01340,A0139,46307,Myntra
T01341,A0799,24055,Zomato
T01342,A0578,15688,Flipkart
T01343,A0547,3082,Swiggy
T01344,A0749,45234,Flipkart
T01345,A0958,4890,Flipkart
T01346,A0586,26956,Flipkart
T01347,A0579,6300,Myntra
T01348,A0148,37399,Swiggy
T01349,A0040,12270,Flipkart
T01350,A0590,49383,Myntra
T01351,A0343,18906,Myntra
T01352,A0923,24301,Zomato
T01353,A0532,19890,Flipkart
T01354,A0043,24431,Myntra
T01355,A0537,29211,Flipkart
T01356,A0889,27560,Amazon
T01357,A0092,17924,Flipkart
T01358,A0997,4523,Flipkart
T01359,A0319,36217,Myntra
T01360,A0662,5064,Amazon
T01361,A0917,25702,Myntra
T01362,A0607,4599,Myntra
T01363,A0007,7525,Swiggy
T01364,A0337,14009,Myntra
T01365,A0857,31674,Swiggy
T01366,A0567,2392,Flipkart
T01367,A0525,49654,Myntra
T01368,A0071,43905,Zomato
T01369,A0349,47699,Myntra
T01370,A0098,33683,Myntra
T01371,A0183,2611,Myntra
T01372,A0909,40103,Swiggy
T01373,A0363,212,Amazon
T01374,A0806,44810,Myntra
T01375,A0568,40987,Amazon
T01376,A0093,47195,Swiggy
T01377,A0775,21857,Zomato
T01378,A0307,10297,Amazon
T01379,A0224,25898,Myntra
T01380,A0671,30928,Flipkart
T01381,A0516,47206,Flipkart
T01382,A0598,13038,Flipkart
T01383,A0165,4071,Amazon
T01384,A0470,24884,Flipkart
T01385,A0941,23267,Zomato
T01386,A0571,28856,Myntra
T01387,A0373,29289,Swiggy
T01388,A0040,36024,Zomato
T01389,A0576,39872,Flipkart
T01390,A0781,38330,Myntra
T01391,A0950,13328,Zomato
T01392,A0511,32069,Myntra
T01393,A0353,43524,Myntra
T01394,A0369,38964,Swiggy
T01395,A0748,34050,Amazon
T01396,A0043,49240,Amazon
T01397,A0108,35169,Amazon
T01398,A0028,47568,Swiggy
T01399,A0749,39446,Amazon
T01400,A0696,30698,Swiggy
T01401,A0234,32551,Amazon
T01402,A0426,163,Zomato
T01403,A0999,6407,Swiggy
T01404,A0512,10454,Flipkart
T01405,A0969,8826,Swiggy
T01406,A0291,1290,Zomato
T01407,A0737,5507,Amazon
T01408,A0003,38743,Flipkart
T01409,A0407,29688,Amazon
T01410,A0532,26275,Swiggy
T01411,A0874,42542,Myntra
T01412,A0776,14471,Amazon
T01413,A0315,30386,Zomato
T01414,A0502,12046,Myntra
T01415,A0376,21612,Swiggy
T01416,A0881,25336,Swiggy
T01417,A0639,40299,Swiggy
T01418,A0725,47218,Swiggy
T01419,A0980,9735,Zomato
T01420,A0904,40020,Flipkart
T01421,A0013,8943,Amazon
T01422,A0237,28145,Flipkart
T01423,A0705,22366,Zomato
T01424,A0012,27102,Zomato
T01425,A0092,42585,Swiggy
T01426,A0547,9165,Zomato
T01427,A0097,6015,Flipkart
T01428,A0869,11816,Swiggy
T01429,A0736,15031,Flipkart
T01430,A0262,23417,Zomato
T01431,A0926,7271,Swiggy
T01432,A0566,24889,Amazon
T01433,A0382,1356,Amazon
T01434,A0521,39939,Amazon
T01435,A0207,22738,Swiggy
T01436,A0238,48721,Zomato
T01437,A0310,44540,Swiggy
T01438,A0848,30961,Amazon
T01439,A0924,29574,Zomato
T01440,A0841,2864,Myntra
T01441,A0797,20038,Amazon
T01442,A0595,33093,Amazon
T01443,A1000,12947,Myntra
T01444,A0077,19642,Zomato
T01445,A0495,19359,Zomato
T01446,A0382,5912,Amazon
T01447,A0161,10430,Swiggy
T01448,A0677,7867,Zomato
T01449,A0889,38065,Flipkart
T01450,A0356,20030,Zomato
T01451,A0320,7410,Flipkart
T01452,A0443,23033,Swiggy
T01453,A0131,44295,Amazon
T01454,A0727,13035,Myntra
T01455,A0674,26772,Myntra
T01456,A0202,44720,Flipkart
T01457,A0957,47976,Myntra
T01458,A0013,35791,Zomato
T01459,A0282,12937,Flipkart
T01460,A0669,26041,Myntra
T01461,A0522,31535,Swiggy
T01462,A0015,7102,Swiggy
T01463,A0886,39173,Zomato
T01464,A0829,16477,Amazon
T01465,A0336,12173,Myntra
T01466,A0960,1761,Swiggy
T01467,A0891,18635,Flipkart
T01468,A0679,2365,Zomato
T01469,A0105,3984,Myntra
T01470,A0487,5731,Flipkart
T01471,A0544,40187,Zomato
T01472,A0940,105,Flipkart
T01473,A0433,3037,Myntra
T01474,A0730,17882,Zomato
T01475,A0751,29463,Amazon
T01476,A0894,33183,Swiggy
T01477,A0658,29737,Flipkart
T01478,A0390,9465,Flipkart
T01479,A0353,42559,Zomato
T01480,A0740,26093,Zomato
T01481,A0651,22959,Myntra
T01482,A0622,19794,Myntra
T01483,A0009,14861,Amazon
T01484,A0449,41247,Swiggy
T01485,A0847,15175,Amazon
T01486,A0893,21012,Swiggy
T01487,A0070,15750,Amazon
T01488,A0605,14424,Myntra
T01489,A0499,13581,Amazon
T01490,A0646,23782,Myntra
T01491,A0543,4438,Zomato
T01492,A0222,7709,Flipkart
T01493,A0984,39634,Swiggy
T01494,A0671,25690,Amazon
T01495,A0960,20147,Flipkart
T01496,A0104,21867,Zomato
T01497,A0688,30404,Amazon
T01498,A0240,24847,Zomato
T01499,A0662,48957,Zomato
T01500,A0631,12043,Amazon
T01501,A0894,22543,Swiggy
T01502,A0080,41046,Zomato
T01503,A0417,32525,Swiggy
T01504,A0857,17880,Flipkart
T01505,A0798,40410,Swiggy
T01506,A0409,24474,Zomato
T01507,A0267,24965,Flipkart
T01508,A0789,35539,Myntra
T01509,A0772,5308,Myntra
T01510,A0549,19131,Flipkart
T01511,A0654,12961,Flipkart
T01512,A0568,38710,Swiggy
T01513,A0750,32559,Swiggy
T01514,A0295,47085,Zomato
T01515,A0481,10014,Zomato
T01516,A0868,27093,Swiggy
T01517,A0667,14585,Myntra
T01518,A0593,24257,Amazon
T01519,A0949,29104,Zomato
T01520,A0258,38698,Zomato
T01521,A0212,3557,Swiggy
T01522,A0873,45271,Myntra
T01523,A0517,39113,Zomato
T01524,A0926,46273,Myntra
T01525,A0299,49241,Myntra
T01526,A0557,35957,Amazon
T01527,A0644,4846,Amazon
T01528,A0524,38496,Myntra
T01529,A0220,41241,Amazon
T01530,A0495,11076,Flipkart
T01531,A0245,18157,Flipkart
T01532,A0741,679,Amazon
T01533,A0631,1483,Zomato
T01534,A0202,7382,Swiggy
T01535,A0131,13103,Zomato
T01536,A0658,9291,Myntra
T01537,A0316,24163,Amazon
T01538,A0528,49123,Myntra
T01539,A0932,20202,Flipkart
T01540,A0566,49211,Amazon
T01541,A0127,15425,Flipkart
T01542,A0111,4850,Zomato
T01543,A0416,49406,Zomato
T01544,A0136,15371,Zomato
T01545,A0771,44736,Zomato
T01546,A0553,38405,Flipkart
T01547,A0029,656,Amazon
T01548,A0305,4503,Flipkart
T01549,A0316,1404,Swiggy
T01550,A0609,11183,Myntra
T01551,A0399,12643,Swiggy
T01552,A0338,29900,Myntra
T01553,A0432,12837,Zomato
T01554,A0508,29544,Amazon
T01555,A0340,30185,Zomato
T01556,A0262,2840,Zomato
T01557,A0933,48873,Zomato
T01558,A0880,36823,Myntra
T01559,A0977,26564,Myntra
T01560,A0819,26812,Amazon
T01561,A0718,4749,Myntra
T01562,A0326,32549,Zomato
T01563,A0637,40890,Myntra
T01564,A0497,1090,Zomato
T01565,A0412,7929,Flipkart
T01566,A0279,19477,Zomato
T01567,A0241,31833,Amazon
T01568,A0112,5940,Zomato
T01569,A0115,18765,Zomato
T01570,A0207,26845,Amazon
T01571,A0701,31902,Myntra
T01572,A0135,29979,Swiggy
T01573,A0537,36470,Myntra
T01574,A0734,19435,Amazon
T01575,A0632,4028,Flipkart
T01576,A0158,42451,Flipkart
T01577,A0659,37741,Myntra
T01578,A0212,21087,Zomato
T01579,A0874,20215,Zomato
T01580,A0481,2400,Zomato
T01581,A0837,44978,Swiggy
T01582,A0449,8180,Flipkart
T01583,A0600,30642,Swiggy
T01584,A0564,4581,Flipkart
T01585,A0881,29066,Amazon
T01586,A0941,13397,Swiggy
T01587,A0053,6408,Myntra
T01588,A0188,25190,Amazon
T01589,A0549,36379,Amazon
T01590,A0666,3820,Flipkart
T01591,A0800,36070,Amazon
T01592,A0376,25015,Myntra
T01593,A0023,19116,Flipkart
T01594,A0916,3247,Swiggy
T01595,A0608,729,Amazon
T01596,A0068,40772,Swiggy
T01597,A0587,28525,Swiggy
T01598,A0572,31379,Flipkart
T01599,A0329,11152,Swiggy
T01600,A0953,14631,Myntra
T01601,A0677,27172,Flipkart
T01602,A0663,42215,Flipkart
T01603,A0436,48255,Myntra
T01604,A0858,713,Swiggy
T01605,A0852,45019,Flipkart
T01606,A0164,47332,Swiggy
T01607,A0763,8108,Amazon
T01608,A0235,12267,Swiggy
T01609,A0246,30307,Flipkart
T01610,A0436,32230,Zomato
T01611,A0516,1849,Zomato
T01612,A0607,49383,Flipkart
T01613,A0878,46935,Myntra
T01614,A0833,10750,Zomato
T01615,A0654,7028,Flipkart
T01616,A0852,21996,Amazon
T01617,A0482,44358,Flipkart
T01618,A0980,13795,Amazon
T01619,A0088,45052,Flipkart
T01620,A0030,32682,Flipkart
T01621,A0746,14843,Zomato
T01622,A0408,34664,Amazon
T01623,A0730,37096,Amazon
T01624,A0012,9246,Swiggy
T01625,A0652,32517,Flipkart
T01626,A0624,14868,Myntra
T01627,A0504,22391,Zomato
T01628,A0437,6930,Amazon
T01629,A0011,3250,Myntra
T01630,A0742,39722,Swiggy
T01631,A0924,13038,Zomato
T01632,A0613,48137,Swiggy
T01633,A0126,705,Flipkart
T01634,A0568,10823,Flipkart
T01635,A0728,49524,Myntra
T01636,A0398,25518,Flipkart
T01637,A0427,43901,Flipkart
T01638,A0402,4000,Flipkart
T01639,A0030,42820,Flipkart
T01640,A0279,25549,Swiggy
T01641,A0486,13889,Swiggy
T01642,A0334,47814,Zomato
T01643,A0876,49445,Myntra
T01644,A0297,16048,Swiggy
T01645,A0441,37745,Flipkart
T01646,A0067,5451,Zomato
T01647,A0407,17661,Zomato
T01648,A0301,42221,Zomato
T01649,A0921,38187,Myntra
T01650,A0934,44083,Flipkart
T01651,A0963,9667,Flipkart
T01652,A0365,29018,Flipkart
T01653,A0806,7352,Myntra
T01654,A0418,18364,Swiggy
T01655,A0928,20319,Myntra
T01656,A0808,43772,Amazon
T01657,A0786,43601,Swiggy
T01658,A0336,29650,Zomato
T01659,A0582,25272,Amazon
T01660,A0309,2330,Zomato
T01661,A0165,36749,Swiggy
T01662,A0547,19883,Myntra
T01663,A0470,10677,Amazon
T01664,A0889,42749,Zomato
T01665,A0382,10964,Amazon
T01666,A0588,25576,Zomato
T01667,A0867,45592,Myntra
T01668,A0615,38062,Swiggy
T01669,A0665,40521,Amazon
T01670,A0831,27046,Myntra
T01671,A0471,10701,Swiggy
T01672,A0627,15099,Amazon
T01673,A0776,45791,Swiggy
T01674,A0194,43370,Zomato
T01675,A0464,10508,Swiggy
T01676,A0882,26381,Amazon
T01677,A0648,49293,Zomato
T01678,A0875,11053,Zomato
T01679,A0375,45306,Swiggy
T01680,A0673,16664,Amazon
T01681,A0988,23420,Swiggy
T01682,A0797,2448,Flipkart
T01683,A0851,5433,Myntra
T01684,A0511,10324,Swiggy
T01685,A0534,26679,Flipkart
T01686,A0040,14978,Swiggy
T01687,A0693,14362,Amazon
T01688,A0544,1372,Swiggy
T01689,A0191,37971,Flipkart
T01690,A0398,7809,Zomato
T01691,A0390,11679,Zomato
T01692,A0633,35891,Zomato
T01693,A0442,7677,Zomato
T01694,A0627,8189,Flipkart
T01695,A0540,29560,Amazon
T01696,A0457,31514,Myntra
T01697,A0883,33157,Amazon
T01698,A0843,4240,Flipkart
T01699,A0629,21787,Zomato
T01700,A0556,25249,Swiggy
T01701,A0417,29901,Swiggy
T01702,A0690,19790,Flipkart
T01703,A0229,20495,Myntra
T01704,A0405,3051,Swiggy
T01705,A0381,38295,Myntra
T01706,A0085,5727,Flipkart
T01707,A0889,28246,Zomato
T01708,A0764,23775,Flipkart
T01709,A0297,36544,Amazon
T01710,A0161,11425,Amazon
T01711,A0873,10682,Swiggy
T01712,A0292,32191,Myntra
T01713,A0965,7356,Swiggy
T01714,A0070,22460,Amazon
T01715,A0437,22494,Zomato
T01716,A0792,49434,Flipkart
T01717,A0078,47894,Swiggy
T01718,A0864,30945,Amazon
T01719,A0762,29947,Amazon
T01720,A0065,18670,Amazon
T01721,A0419,37546,Amazon
T01722,A0502,297,Swiggy
T01723,A0259,44645,Myntra
T01724,A0440,38934,Zomato
T01725,A0094,21440,Myntra
T01726,A0072,44503,Myntra
T01727,A0765,28160,Amazon
T01728,A0878,30157,Myntra
T01729,A0301,18975,Flipkart
T01730,A0061,21485,Amazon
T01731,A0099,19961,Amazon
T01732,A0795,47322,Zomato
T01733,A0826,13413,Myntra
T01734,A0892,35185,Swiggy
T01735,A0741,39432,Flipkart
T01736,A0466,17944,Amazon
T01737,A0349,39261,Flipkart
T01738,A0904,27074,Zomato
T01739,A0543,20676,Amazon
T01740,A0013,5997,Amazon
T01741,A0320,1702,Zomato
T01742,A0564,32916,Swiggy
T01743,A0665,42769,Amazon
T01744,A0544,32781,Amazon
T01745,A0592,21218,Amazon
T01746,A0766,34704,Swiggy
T01747,A0332,10890,Amazon
T01748,A0369,35253,Flipkart
T01749,A0737,13245,Amazon
T01750,A0142,24298,Swiggy
T01751,A0601,36930,Myntra
T01752,A0288,8223,Swiggy
T01753,A0262,44280,Zomato
T01754,A0210,2522,Flipkart
T01755,A0432,29141,Myntra
T01756,A0468,8105,Flipkart
T01757,A0731,38811,Flipkart
T01758,A0297,35618,Amazon
T01759,A0534,10878,Flipkart
T01760,A0502,5183,Flipkart
T01761,A0637,46627,Zomato
T01762,A0214,480,Flipkart
T01763,A0909,5546,Flipkart
T01764,A0641,6465,Swiggy
T01765,A0003,14139,Zomato
T01766,A0241,38783,Amazon
T01767,A0917,27350,Flipkart
T01768,A0170,28787,Amazon
T01769,A0708,12123,Swiggy
T01770,A0794,46537,Flipkart
T01771,A0668,46177,Zomato
T01772,A0238,10436,Zomato
T01773,A0372,23069,Swiggy
T01774,A0064,34554,Myntra
T01775,A0424,7583,Flipkart
T01776,A0571,39301,Myntra
T01777,A0930,32748,Zomato
T01778,A0557,37668,Amazon
T01779,A0266,11659,Flipkart
T01780,A0111,24916,Zomato
T01781,A0471,7433,Flipkart
T01782,A0786,19196,Myntra
T01783,A0957,33838,Flipkart
T01784,A0661,28871,Flipkart
T01785,A0165,32834,Zomato
T01786,A0159,32626,Amazon
T01787,A0443,14909,Zomato
T01788,A0081,17660,Amazon
T01789,A0142,40113,Swiggy
T01790,A0036,31692,Swiggy
T01791,A0917,21125,Flipkart
T01792,A0954,19885,Zomato
T01793,A0882,16581,Flipkart
T01794,A0044,25606,Zomato
T01795,A0490,17382,Myntra
T01796,A0387,19649,Swiggy
T01797,A0496,2711,Swiggy
T01798,A0611,26153,Amazon
T01799,A0260,5405,Flipkart
T01800,A0771,43618,Amazon
T01801,A0011,45804,Swiggy
T01802,A0416,49800,Flipkart
T01803,A0439,11697,Zomato
T01804,A0927,1769,Amazon
T01805,A0243,49701,Myntra
T01806,A0314,1316,Amazon
T01807,A0620,11890,Swiggy
T01808,A0712,26469,Zomato
T01809,A0437,492,Myntra
T01810,A0564,23541,Myntra
T01811,A0199,10926,Myntra
T01812,A0487,26473,Myntra
T01813,A0705,19178,Myntra
T01814,A0656,44725,Swiggy
T01815,A0160,39855,Swiggy
T01816,A0274,35260,Zomato
T01817,A0586,8962,Swiggy
T01818,A0338,35718,Zomato
T01819,A0952,40084,Flipkart
T01820,A0699,24918,Flipkart
T01821,A0703,30820,Flipkart
T01822,A0552,8373,Flipkart
T01823,A0094,34809,Amazon
T01824,A0810,22537,Zomato
T01825,A0823,29697,Myntra
T01826,A0752,30577,Zomato
T01827,A0201,23317,Swiggy
T01828,A0113,46802,Flipkart
T01829,A0768,40104,Zomato
T01830,A0566,40303,Amazon
T01831,A0060,21718,Flipkart
T01832,A0251,49289,Flipkart
T01833,A0137,49946,Flipkart
T01834,A0461,21243,Myntra
T01835,A0188,46139,Swiggy
T01836,A0408,39870,Amazon
T01837,A0618,33057,Swiggy
T01838,A0777,24107,Myntra
T01839,A0905,47359,Myntra
T01840,A0161,35237,Amazon
T01841,A0345,16368,Flipkart
T01842,A0363,21998,Zomato
T01843,A0974,42552,Myntra
T01844,A0110,39237,Flipkart
T01845,A0633,952,Flipkart
T01846,A0940,5864,Amazon
T01847,A0078,45775,Amazon
T01848,A0006,5108,Zomato
T01849,A0354,41161,Swiggy
T01850,A0451,2979,Zomato
T01851,A0045,19676,Zomato
T01852,A0818,20962,Flipkart
T01853,A0481,46263,Zomato
T01854,A0375,31759,Swiggy
T01855,A0264,39015,Swiggy
T01856,A0279,32271,Zomato
T01857,A0293,8958,Zomato
T01858,A0243,45885,Swiggy
T01859,A0333,31508,Myntra
T01860,A0313,37264,Amazon
T01861,A0052,30776,Myntra
T01862,A0071,34853,Swiggy
T01863,A0585,12066,Amazon
T01864,A0796,7608,Swiggy
T01865,A0350,4509,Amazon
T01866,A0243,6273,Amazon
T01867,A0552,36754,Flipkart
T01868,A0838,40374,Flipkart
T01869,A0079,34343,Myntra
T01870,A0857,11914,Amazon
T01871,A0779,21351,Swiggy
T01872,A0645,46465,Swiggy
T01873,A0616,45580,Flipkart
T01874,A0745,10555,Amazon
T01875,A0153,22792,Myntra
T01876,A0470,45384,Amazon
T01877,A0502,21628,Flipkart
T01878,A0404,21205,Zomato
T01879,A0957,33583,Myntra
T01880,A0298,7694,Swiggy
T01881,A0138,43906,Myntra
T01882,A0912,20040,Myntra
T01883,A0670,3066,Zomato
T01884,A0804,11150,Myntra
T01885,A0637,44728,Flipkart
T01886,A0384,15340,Flipkart
T01887,A0439,18256,Zomato
T01888,A0803,18674,Amazon
T01889,A0416,34447,Flipkart
T01890,A0667,33415,Myntra
T01891,A0104,25216,Myntra
T01892,A0772,15878,Myntra
T01893,A0383,6747,Swiggy
T01894,A0590,28909,Swiggy
T01895,A0110,6285,Flipkart
T01896,A0506,17471,Zomato
T01897,A0176,41143,Amazon
T01898,A0147,4626,Amazon
T01899,A0066,9899,Flipkart
T01900,A0501,2987,Swiggy
T01901,A0759,31512,Swiggy
T01902,A0977,33117,Amazon
T01903,A0075,37660,Amazon
T01904,A0216,23950,Myntra
T01905,A0362,17467,Zomato
T01906,A0866,19886,Amazon
T01907,A0470,19199,Flipkart
T01908,A0222,11892,Amazon
T01909,A0840,14388,Flipkart
T01910,A0624,37547,Zomato
T01911,A0150,530,Zomato
T01912,A0550,40096,Myntra
T01913,A0457,12186,Zomato
T01914,A0768,19069,Flipkart
T01915,A0604,8908,Flipkart
T01916,A0264,26317,Flipkart
T01917,A0091,12157,Amazon
T01918,A0195,8635,Flipkart
T01919,A0430,13358,Flipkart
T01920,A0048,632,Amazon
T01921,A0460,28611,Swiggy
T01922,A0603,32379,Myntra
T01923,A0057,10156,Myntra
T01924,A0337,1882,Myntra
T01925,A0900,21329,Amazon
T01926,A0473,25765,Myntra
T01927,A0393,18504,Swiggy
T01928,A0791,27359,Amazon
T01929,A0374,37125,Swiggy
T01930,A0822,43722,Zomato
T01931,A0520,23270,Amazon
T01932,A0034,9843,Amazon
T01933,A0612,13814,Myntra
T01934,A0988,23553,Swiggy
T01935,A0227,1354,Amazon
T01936,A0905,35805,Amazon
T01937,A0768,24165,Flipkart
T01938,A0287,36419,Flipkart
T01939,A0052,13103,Myntra
T01940,A0296,33383,Myntra
T01941,A0142,1650,Swiggy
T01942,A0449,40204,Flipkart
T01943,A0525,16033,Myntra
T01944,A0802,47443,Amazon
T01945,A0831,30339,Flipkart
T01946,A0361,2652,Myntra
T01947,A0987,43188,Flipkart
T01948,A0851,12257,Amazon
T01949,A0196,28207,Zomato
T01950,A0302,5206,Zomato
T01951,A0183,10838,Amazon
T01952,A0642,24739,Flipkart
T01953,A0018,17539,Swiggy
T01954,A0405,38437,Swiggy
T01955,A0756,16517,Swiggy
T01956,A0281,25551,Swiggy
T01957,A0050,10533,Zomato
T01958,A0512,11015,Flipkart
T01959,A0555,25990,Flipkart
T01960,A0718,7850,Flipkart
T01961,A0848,41920,Swiggy
T01962,A0343,24301,Zomato
T01963,A0801,4933,Flipkart
T01964,A0516,19648,Myntra
T01965,A0350,26639,Zomato
T01966,A0611,28642,Flipkart
T01967,A0474,47992,Amazon
T01968,A0434,9069,Swiggy
T01969,A0257,44377,Zomato
T01970,A0570,39799,Flipkart
T01971,A0673,3870,Zomato
T01972,A0915,5177,Amazon
T01973,A0187,34998,Swiggy
T01974,A0517,587,Flipkart
T01975,A0225,26102,Flipkart
T01976,A0223,49371,Flipkart
T01977,A0936,3422,Amazon
T01978,A0114,46014,Swiggy
T01979,A0664,2928,Zomato
T01980,A0651,13043,Amazon
T01981,A0601,7050,Zomato
T01982,A0462,2273,Zomato
T01983,A0743,5495,Amazon
T01984,A0179,44603,Flipkart
T01985,A0641,30410,Swiggy
T01986,A0225,11359,Zomato
T01987,A0760,21022,Flipkart
T01988,A0944,1882,Flipkart
T01989,A0867,42813,Swiggy
T01990,A0258,49823,Amazon
T01991,A0926,39785,Flipkart
T01992,A0808,37571,Flipkart
T01993,A0646,49009,Flipkart
T01994,A0683,25667,Zomato
T01995,A0179,40571,Myntra
T01996,A0988,38203,Zomato
T01997,A0823,20152,Amazon
T01998,A0049,4336,Swiggy
T01999,A0091,42197,Amazon
T02000,A0252,41763,Amazon
T02001,A0966,22767,Swiggy
T02002,A0548,40077,Myntra
T02003,A0622,39396,Zomato
T02004,A0878,13072,Flipkart
T02005,A0793,26987,Swiggy
T02006,A0213,7888,Myntra
T02007,A0928,34300,Zomato
T02008,A0415,16531,Zomato
T02009,A0905,1749,Zomato
T02010,A0161,13795,Swiggy
T02011,A0220,12120,Flipkart
T02012,A0101,37113,Myntra
T02013,A0875,46248,Amazon
T02014,A0314,47151,Flipkart
T02015,A0148,18500,Swiggy
T02016,A0020,32530,Swiggy
T02017,A0443,36999,Zomato
T02018,A0331,5722,Flipkart
T02019,A0848,41908,Zomato
T02020,A0438,29266,Zomato
T02021,A0123,10231,Amazon
T02022,A0408,40111,Flipkart
T02023,A0476,27829,Swiggy
T02024,A0354,22581,Amazon
T02025,A0559,20415,Zomato
T02026,A0344,15625,Flipkart
T02027,A0530,20011,Zomato
T02028,A0498,23832,Zomato
T02029,A0097,12971,Flipkart
T02030,A0482,34767,Myntra
T02031,A0164,8328,Swiggy
T02032,A0076,3395,Zomato
T02033,A0003,19642,Flipkart
T02034,A0311,19836,Zomato
T02035,A0233,37915,Myntra
T02036,A0600,35112,Zomato
T02037,A0424,11508,Flipkart
T02038,A0950,28707,Swiggy
T02039,A0680,26963,Amazon
T02040,A0983,34961,Myntra
T02041,A0893,42938,Zomato
T02042,A0050,6406,Zomato
T02043,A0722,39617,Amazon
T02044,A0687,43580,Zomato
T02045,A0040,12238,Amazon
T02046,A0321,39300,Zomato
T02047,A0591,6900,Swiggy
T02048,A0300,31608,Flipkart
T02049,A0564,37905,Amazon
T02050,A0623,8236,Zomato
T02051,A0473,10154,Myntra
T02052,A0237,36796,Myntra
T02053,A0697,6241,Swiggy
T02054,A0761,47349,Myntra
T02055,A0572,9634,Swiggy
T02056,A0706,20187,Flipkart
T02057,A0497,4276,Flipkart
T02058,A0197,47321,Myntra
T02059,A0825,5641,Swiggy
T02060,A0436,39243,Zomato
T02061,A0287,11824,Myntra
T02062,A0254,3567,Myntra
T02063,A0444,32374,Myntra
T02064,A0702,40835,Flipkart
T02065,A0722,31865,Swiggy
T02066,A0126,48428,Myntra
T02067,A0775,48148,Myntra
T02068,A0318,1164,Zomato
T02069,A0522,601,Myntra
T02070,A0998,20079,Flipkart
T02071,A0087,45910,Flipkart
T02072,A0914,39546,Amazon
T02073,A0083,16066,Zomato
T02074,A0021,13012,Amazon
T02075,A0162,8797,Amazon
T02076,A0851,12218,Myntra
T02077,A0167,24821,Zomato
T02078,A0798,27521,Flipkart
T02079,A0214,11098,Flipkart
T02080,A0858,33899,Flipkart
T02081,A0674,14050,Swiggy
T02082,A0997,3905,Zomato
T02083,A0661,9072,Zomato
T02084,A0338,15016,Zomato
T02085,A0705,12399,Myntra
T02086,A0445,29204,Amazon
T02087,A0903,26122,Amazon
T02088,A0402,27095,Myntra
T02089,A0179,27946,Amazon
T02090,A0180,38384,Amazon
T02091,A0211,46273,Zomato
T02092,A0474,26189,Myntra
T02093,A0655,10974,Myntra
T02094,A0921,6140,Amazon
T02095,A0060,6245,Swiggy
T02096,A0697,2596,Amazon
T02097,A0136,24144,Myntra
T02098,A0460,37684,Myntra
T02099,A0815,14671,Myntra
T02100,A0613,15655,Flipkart
T02101,A0640,28837,Swiggy
T02102,A0641,23081,Flipkart
T02103,A0131,33767,Zomato
T02104,A0588,7369,Swiggy
T02105,A0157,4120,Amazon
T02106,A0493,46529,Swiggy
T02107,A0938,13213,Swiggy
T02108,A0292,29311,Myntra
T02109,A0586,1530,Amazon
T02110,A0986,21597,Swiggy
T02111,A0588,20028,Swiggy
T02112,A0332,2533,Swiggy
T02113,A0988,48644,Flipkart
T02114,A0853,47025,Amazon
T02115,A0388,34800,Flipkart
T02116,A0744,14584,Flipkart
T02117,A0728,26356,Amazon
T02118,A0393,21850,Swiggy
T02119,A0557,42548,Amazon
T02120,A0337,33814,Flipkart
T02121,A0218,46874,Flipkart
T02122,A0096,27186,Zomato
T02123,A0432,11398,Swiggy
T02124,A0967,13739,Amazon
T02125,A0534,1994,Myntra
T02126,A0348,45891,Amazon
T02127,A0513,34073,Flipkart
T02128,A0848,40230,Myntra
T02129,A0071,41795,Amazon
T02130,A0814,6526,Swiggy
T02131,A0415,44355,Flipkart
T02132,A0567,15692,Myntra
T02133,A0528,22798,Swiggy
T02134,A0077,1329,Flipkart
T02135,A0740,38162,Swiggy
T02136,A0571,21104,Zomato
T02137,A0732,22656,Amazon
T02138,A0701,9802,Flipkart
T02139,A0890,38013,Zomato
T02140,A0898,46567,Flipkart
T02141,A0907,49249,Zomato
T02142,A0721,1111,Zomato
T02143,A0009,39701,Myntra
T02144,A0634,7522,Myntra
T02145,A0523,44130,Myntra
T02146,A0499,3499,Swiggy
T02147,A0189,45001,Amazon
T02148,A0135,44833,Myntra
T02149,A0258,42649,Myntra
T02150,A0735,45208,Swiggy
T02151,A0618,23097,Myntra
T02152,A0392,34015,Flipkart
T02153,A0171,21253,Flipkart
T02154,A0818,27187,Myntra
T02155,A0903,36183,Zomato
T02156,A0914,29188,Flipkart
T02157,A0783,15302,Amazon
T02158,A0652,17204,Zomato
T02159,A0316,41652,Amazon
T02160,A0040,21826,Zomato
T02161,A0352,42591,Zomato
T02162,A0584,21019,Zomato
T02163,A0779,22669,Swiggy
T02164,A0932,44448,Myntra
T02165,A0861,33151,Flipkart
T02166,A0194,24170,Zomato
T02167,A0706,40973,Zomato
T02168,A0615,35610,Myntra
T02169,A0445,21682,Myntra
T02170,A0182,19532,Flipkart
T02171,A0691,43478,Zomato
T02172,A0513,2842,Amazon
T02173,A0871,35884,Myntra
T02174,A0978,6392,Zomato
T02175,A0595,42612,Swiggy
T02176,A0773,1751,Flipkart
T02177,A0429,36027,Amazon
T02178,A0837,4491,Zomato
T02179,A0924,5729,Amazon
T02180,A0369,3624,Zomato
T02181,A0134,43021,Amazon
T02182,A0264,11952,Swiggy
T02183,A0575,18900,Swiggy
T02184,A0181,49182,Zomato
T02185,A0345,32834,Zomato
T02186,A0101,40961,Amazon
T02187,A0581,49470,Myntra
T02188,A0037,32082,Swiggy
T02189,A0008,6017,Zomato
T02190,A0495,25851,Amazon
T02191,A0830,25510,Swiggy
T02192,A0412,42110,Myntra
T02193,A0802,3366,Flipkart
T02194,A0238,25039,Flipkart
T02195,A0227,28862,Amazon
T02196,A0300,738,Swiggy
T02197,A0786,27322,Amazon
T02198,A0519,31317,Flipkart
T02199,A0458,32262,Zomato
T02200,A0665,19404,Flipkart
T02201,A0700,1210,Flipkart
T02202,A0319,31904,Swiggy
T02203,A0943,9201,Amazon
T02204,A0998,49959,Swiggy
T02205,A0904,19823,Myntra
T02206,A0105,46951,Swiggy
T02207,A0808,23731,Zomato
T02208,A0419,29296,Swiggy
T02209,A0611,44542,Zomato
T02210,A0653,8124,Zomato
T02211,A0115,47971,Amazon
T02212,A0150,37778,Zomato
T02213,A0330,37426,Amazon
T02214,A0858,44702,Swiggy
T02215,A0695,42313,Myntra
T02216,A0458,24991,Swiggy
T02217,A0945,36404,Myntra
T02218,A0933,23707,Flipkart
T02219,A0848,43032,Flipkart
T02220,A0379,3238,Zomato
T02221,A0230,20088,Amazon
T02222,A0157,23441,Flipkart
T02223,A0425,47536,Zomato
T02224,A0964,31239,Myntra
T02225,A0095,33200,Myntra
T02226,A0944,15830,Zomato
T02227,A0837,27845,Zomato
T02228,A0845,49022,Zomato
T02229,A0815,479,Flipkart
T02230,A0016,4066,Myntra
T02231,A0606,26734,Amazon
T02232,A0559,34045,Swiggy
T02233,A0835,29697,Amazon
T02234,A0563,10226,Amazon
T02235,A0615,28340,Myntra
T02236,A0743,12542,Swiggy
T02237,A0975,40359,Swiggy
T02238,A0881,41465,Amazon
T02239,A0061,44506,Flipkart
T02240,A0777,17434,Amazon
T02241,A0387,42421,Amazon
T02242,A0916,3524,Zomato
T02243,A0007,33421,Myntra
T02244,A0267,28491,Zomato
T02245,A0868,43012,Zomato
T02246,A0675,23415,Amazon
T02247,A0073,15793,Zomato
T02248,A0187,3251,Flipkart
T02249,A0410,38147,Myntra
T02250,A0240,11726,Zomato
T02251,A0233,42607,Flipkart
T02252,A0755,7856,Myntra
T02253,A0926,45036,Flipkart
T02254,A0482,36906,Amazon
T02255,A0336,30723,Swiggy
T02256,A0808,19912,Myntra
T02257,A0245,44988,Flipkart
T02258,A0322,25226,Zomato
T02259,A0336,7169,Swiggy
T02260,A0397,33276,Myntra
T02261,A0037,40638,Myntra
T02262,A0158,11472,Myntra
T02263,A0044,42966,Myntra
T02264,A0575,6916,Amazon
T02265,A0527,24672,Swiggy
T02266,A0301,48703,Zomato
T02267,A0329,38944,Amazon
T02268,A0625,3441,Swiggy
T02269,A0261,21923,Zomato
T02270,A0278,2978,Zomato
T02271,A0438,3856,Flipkart
T02272,A0172,13886,Myntra
T02273,A0824,36782,Swiggy
T02274,A0346,16892,Flipkart
T02275,A0257,9046,Zomato
T02276,A0979,16121,Myntra
T02277,A0429,24184,Swiggy
T02278,A0771,38588,Flipkart
T02279,A0310,37204,Myntra
T02280,A0562,12671,Myntra
T02281,A0578,39701,Amazon
T02282,A0486,45396,Myntra
T02283,A0968,24759,Amazon
T02284,A0417,22540,Swiggy
T02285,A0681,28569,Swiggy
T02286,A0801,17449,Zomato
T02287,A0473,46107,Swiggy
T02288,A0439,34568,Amazon
T02289,A0676,30812,Flipkart
T02290,A0957,7448,Myntra
T02291,A0019,15230,Zomato
T02292,A0481,27533,Myntra
T02293,A0106,9934,Myntra
T02294,A0015,42087,Amazon
T02295,A0564,15369,Myntra
T02296,A0185,42682,Zomato
T02297,A0512,9769,Zomato
T02298,A0429,19915,Amazon
T02299,A0669,48479,Zomato
T02300,A0444,19568,Zomato
T02301,A0938,19791,Swiggy
T02302,A0107,43163,Myntra
T02303,A0477,40282,Flipkart
T02304,A0097,31154,Zomato
T02305,A0889,28476,Myntra
T02306,A0745,1673,Amazon
T02307,A0887,1816,Swiggy
T02308,A0648,47220,Zomato
T02309,A0909,5501,Swiggy
T02310,A0270,45979,Myntra
T02311,A0264,5935,Flipkart
T02312,A0167,44151,Flipkart
T02313,A0633,8665,Myntra
T02314,A0174,28455,Amazon
T02315,A0959,40440,Zomato
T02316,A0519,35095,Swiggy
T02317,A0788,3464,Amazon
T02318,A0276,10523,Zomato
T02319,A0539,18080,Myntra
T02320,A0479,29262,Flipkart
T02321,A0157,35844,Flipkart
T02322,A0227,34834,Myntra
T02323,A0228,23947,Myntra
T02324,A0670,40967,Swiggy
T02325,A0432,15817,Myntra
T02326,A0927,4853,Swiggy
T02327,A0992,3287,Zomato
T02328,A0119,43728,Amazon
T02329,A0016,30277,Swiggy
T02330,A0536,41813,Swiggy
T02331,A0446,16846,Swiggy
T02332,A0802,9473,Zomato
T02333,A0292,30874,Amazon
T02334,A0889,28043,Zomato
T02335,A0981,14430,Myntra
T02336,A0936,17181,Myntra
T02337,A0613,32767,Zomato
T02338,A0250,15860,Flipkart
T02339,A0405,18322,Amazon
T02340,A0254,12459,Myntra
T02341,A0762,25088,Flipkart
T02342,A0652,16937,Amazon
T02343,A0597,29757,Zomato
T02344,A0585,37705,Swiggy
T02345,A0071,18287,Myntra
T02346,A0062,17637,Amazon
T02347,A0804,48801,Zomato
T02348,A0906,34769,Flipkart
T02349,A0444,43625,Myntra
T02350,A0511,35386,Swiggy
T02351,A0094,1397,Zomato
T02352,A0064,15401,Zomato
T02353,A0647,33688,Myntra
T02354,A0654,13360,Flipkart
T02355,A0635,14951,Amazon
T02356,A0069,5306,Zomato
T02357,A0503,13216,Zomato
T02358,A0885,28931,Flipkart
T02359,A0629,33491,Swiggy
T02360,A0418,19822,Myntra
T02361,A0914,4287,Myntra
T02362,A0541,18616,Swiggy
T02363,A0622,19419,Swiggy
T02364,A0447,5450,Swiggy
T02365,A0166,47940,Myntra
T02366,A0906,13405,Amazon
T02367,A0315,6595,Zomato
T02368,A0392,39750,Myntra
T02369,A0428,9739,Myntra
T02370,A0128,42674,Zomato
T02371,A0493,41942,Myntra
T02372,A0073,35716,Swiggy
T02373,A0591,27300,Flipkart
T02374,A0812,980,Zomato
T02375,A0804,32113,Myntra
T02376,A0720,4453,Myntra
T02377,A0500,2587,Myntra
T02378,A0169,29265,Flipkart
T02379,A0012,42092,Zomato
T02380,A0516,30413,Flipkart
T02381,A0046,14792,Myntra
T02382,A0382,13522,Swiggy
T02383,A0454,47638,Swiggy
T02384,A0565,5460,Flipkart
T02385,A0851,49570,Amazon
T02386,A0089,27808,Zomato
T02387,A0901,23605,Zomato
T02388,A0037,16639,Swiggy
T02389,A0048,24355,Swiggy
T02390,A0124,8520,Myntra
T02391,A0089,9322,Myntra
T02392,A0502,4150,Myntra
T02393,A0255,10020,Swiggy
T02394,A0923,17339,Swiggy
T02395,A0398,42131,Flipkart
T02396,A1000,26633,Flipkart
T02397,A0690,39028,Swiggy
T02398,A0377,12386,Flipkart
T02399,A0628,10157,Myntra
T02400,A0793,44746,Myntra
T02401,A0410,23441,Amazon
T02402,A0923,5618,Myntra
T02403,A0827,29486,Swiggy
T02404,A0747,21423,Myntra
T02405,A0218,19816,Flipkart
T02406,A0219,41238,Zomato
T02407,A0704,3136,Amazon
T02408,A0843,44790,Flipkart
T02409,A0766,25880,Myntra
T02410,A0246,10690,Flipkart
T02411,A0766,20469,Flipkart
T02412,A0921,30463,Amazon
T02413,A0458,46857,Myntra
T02414,A0268,48026,Zomato
T02415,A0341,5891,Zomato
T02416,A0920,19055,Amazon
T02417,A0043,42775,Myntra
T02418,A0031,22173,Amazon
T02419,A0315,36901,Flipkart
T02420,A0791,49474,Swiggy
T02421,A0637,10572,Myntra
T02422,A0907,9166,Flipkart
T02423,A0731,32644,Flipkart
T02424,A0459,5086,Myntra
T02425,A0120,20990,Zomato
T02426,A0656,30869,Myntra
T02427,A0335,32975,Flipkart
T02428,A0136,46684,Zomato
T02429,A0046,27747,Amazon
T02430,A0576,21605,Amazon
T02431,A0370,258,Zomato
T02432,A0994,42710,Amazon
T02433,A0697,1362,Swiggy
T02434,A0651,49114,Myntra
T02435,A0869,2909,Swiggy
T02436,A0734,49563,Flipkart
T02437,A0253,5196,Zomato
T02438,A0296,982,Flipkart
T02439,A0173,35310,Swiggy
T02440,A0350,43267,Amazon
T02441,A0252,30128,Flipkart
T02442,A0158,48756,Flipkart
T02443,A0432,47243,Amazon
T02444,A0166,33316,Zomato
T02445,A0097,44263,Zomato
T02446,A0785,40330,Zomato
T02447,A0623,45758,Zomato
T02448,A0239,18003,Flipkart
T02449,A0325,40852,Flipkart
T02450,A0400,40776,Amazon
T02451,A0358,18057,Zomato
T02452,A0175,20404,Myntra
T02453,A0579,18145,Zomato
T02454,A0785,20099,Swiggy
T02455,A0855,10362,Amazon
T02456,A0976,20857,Amazon
T02457,A0101,42306,Swiggy
T02458,A0267,13818,Zomato
T02459,A0287,21556,Amazon
T02460,A0535,32291,Myntra
T02461,A0468,26825,Zomato
T02462,A0286,20103,Flipkart
T02463,A0587,30309,Flipkart
T02464,A0742,36307,Flipkart
T02465,A0387,46321,Swiggy
T02466,A0164,27772,Zomato
T02467,A0816,27907,Amazon
T02468,A0502,5711,Zomato
T02469,A0885,2734,Swiggy
T02470,A0892,26647,Swiggy
T02471,A0508,44975,Myntra
T02472,A0923,33646,Myntra
T02473,A0125,47599,Amazon
T02474,A0687,35114,Zomato
T02475,A0124,25340,Flipkart
T02476,A0033,9619,Zomato
T02477,A0519,16419,Swiggy
T02478,A0166,4737,Swiggy
T02479,A0447,34156,Swiggy
T02480,A0667,9227,Flipkart
T02481,A0338,40358,Amazon
T02482,A0076,47446,Amazon
T02483,A0850,35037,Swiggy
T02484,A0955,32824,Flipkart
T02485,A0697,23916,Flipkart
T02486,A0577,24358,Swiggy
T02487,A0145,34856,Zomato
T02488,A0466,25991,Zomato
T02489,A0926,4892,Flipkart
T02490,A0852,43878,Zomato
T02491,A0612,4392,Amazon
T02492,A0485,21808,Amazon
T02493,A0659,47559,Swiggy
T02494,A0841,2571,Amazon
T02495,A0824,22083,Flipkart
T02496,A0484,35354,Amazon
T02497,A0493,20910,Flipkart
T02498,A0443,29192,Myntra
T02499,A0700,18415,Swiggy
T02500,A0698,18866,Flipkart
T02501,A0411,6747,Amazon
T02502,A0991,38924,Zomato
T02503,A0972,14031,Flipkart
T02504,A0774,35835,Swiggy
T02505,A0468,16333,Zomato
T02506,A0711,17652,Amazon
T02507,A0327,36941,Swiggy
T02508,A0522,20361,Zomato
T02509,A0896,48829,Swiggy
T02510,A0471,25561,Amazon
T02511,A0152,11745,Zomato
T02512,A0565,31030,Swiggy
T02513,A0122,24934,Zomato
T02514,A0734,10319,Myntra
T02515,A0252,41417,Amazon
T02516,A0709,10190,Amazon
T02517,A0125,10929,Swiggy
T02518,A0195,38374,Zomato
T02519,A0746,35241,Flipkart
T02520,A0670,46312,Myntra
T02521,A0491,18764,Amazon
T02522,A0088,47091,Zomato
T02523,A0284,43770,Amazon
T02524,A0114,30329,Swiggy
T02525,A0186,48223,Zomato
T02526,A0374,8728,Swiggy
T02527,A0611,30357,Zomato
T02528,A0088,23861,Myntra
T02529,A0510,48750,Zomato
T02530,A0241,30917,Amazon
T02531,A0150,16282,Myntra
T02532,A0492,48588,Myntra
T02533,A0419,8691,Amazon
T02534,A0853,5470,Swiggy
T02535,A0479,16522,Flipkart
T02536,A0466,25596,Myntra
T02537,A0333,37541,Zomato
T02538,A0344,9644,Myntra
T02539,A0981,4866,Swiggy
T02540,A0333,45378,Flipkart
T02541,A0891,6139,Amazon
T02542,A0707,38058,Flipkart
T02543,A0249,11362,Myntra
T02544,A0109,8052,Amazon
T02545,A0482,4025,Zomato
T02546,A0481,32554,Zomato
T02547,A0939,46301,Myntra
T02548,A0915,44590,Zomato
T02549,A0659,647,Zomato
T02550,A0325,26885,Myntra
T02551,A0150,23244,Zomato
T02552,A0387,19343,Flipkart
T02553,A0783,21372,Swiggy
T02554,A0977,18101,Myntra
T02555,A0017,16524,Swiggy
T02556,A0285,33119,Swiggy
T02557,A0084,29095,Flipkart
T02558,A0399,18849,Zomato
T02559,A0862,39741,Flipkart
T02560,A0231,41261,Flipkart
T02561,A0001,37807,Swiggy
T02562,A0769,42120,Amazon
T02563,A0475,29003,Myntra
T02564,A0958,17514,Amazon
T02565,A0943,49486,Zomato
T02566,A0168,1770,Zomato
T02567,A0646,40908,Swiggy
T02568,A0786,9631,Swiggy
T02569,A0436,46606,Flipkart
T02570,A0570,48843,Swiggy
T02571,A0119,35293,Flipkart
T02572,A0500,7970,Zomato
T02573,A0149,17869,Zomato
T02574,A0229,47482,Swiggy
T02575,A0807,8325,Flipkart
T02576,A0586,1777,Flipkart
T02577,A0530,47970,Myntra
T02578,A0574,44571,Myntra
T02579,A0208,916,Swiggy
T02580,A0886,34974,Flipkart
T02581,A0373,15176,Zomato
T02582,A0953,20316,Swiggy
T02583,A0402,32544,Myntra
T02584,A0901,27993,Myntra
T02585,A0851,17012,Swiggy
T02586,A0382,14214,Flipkart
T02587,A0354,26318,Zomato
T02588,A0016,25886,Swiggy
T02589,A0338,40245,Amazon
T02590,A0329,15997,Flipkart
T02591,A0535,14983,Zomato
T02592,A0760,34354,Myntra
T02593,A0003,13572,Amazon
T02594,A0024,17779,Myntra
T02595,A0125,40376,Flipkart
T02596,A0393,47879,Amazon
T02597,A0767,29104,Myntra
T02598,A0333,11470,Myntra
T02599,A0458,13298,Amazon
T02600,A0942,882,Myntra
T02601,A0050,12871,Myntra
T02602,A0553,19869,Amazon
T02603,A0821,11106,Flipkart
T02604,A0350,1914,Zomato
T02605,A0627,29793,Flipkart
T02606,A0484,9910,Zomato
T02607,A0717,37839,Zomato
T02608,A0180,48004,Amazon
T02609,A0032,36561,Amazon
T02610,A0466,35615,Swiggy
T02611,A0271,41351,Flipkart
T02612,A0275,34810,Swiggy
T02613,A0516,48431,Flipkart
T02614,A0295,31144,Amazon
T02615,A0047,7710,Zomato
T02616,A0033,43890,Myntra
T02617,A0935,26211,Amazon
T02618,A0941,10433,Swiggy
T02619,A0941,36937,Amazon
T02620,A0058,28871,Myntra
T02621,A0750,33711,Zomato
T02622,A0607,3246,Zomato
T02623,A0521,16962,Flipkart
T02624,A0654,47485,Swiggy
T02625,A0179,17774,Amazon
T02626,A0541,9453,Zomato
T02627,A0588,30177,Amazon
T02628,A0104,43325,Flipkart
T02629,A0362,7046,Flipkart
T02630,A0364,325,Swiggy
T02631,A0825,28377,Zomato
T02632,A0656,32454,Amazon
T02633,A0699,44833,Swiggy
T02634,A0991,13519,Amazon
T02635,A0796,37367,Zomato
T02636,A0850,32740,Zomato
T02637,A0744,24633,Myntra
T02638,A0287,32950,Swiggy
T02639,A0308,4706,Flipkart
T02640,A0057,20260,Myntra
T02641,A0289,17172,Swiggy
T02642,A0497,21199,Amazon
T02643,A0684,198,Amazon
T02644,A0141,8170,Swiggy
T02645,A0499,44543,Swiggy
T02646,A0124,43796,Flipkart
T02647,A0822,41140,Swiggy
T02648,A0262,17110,Amazon
T02649,A0246,6479,Amazon
T02650,A0313,33733,Amazon
T02651,A0373,33631,Flipkart
T02652,A0163,32964,Zomato
T02653,A0785,24740,Zomato
T02654,A0099,37429,Swiggy
T02655,A0806,1465,Amazon
T02656,A0168,47512,Amazon
T02657,A0081,7270,Swiggy
T02658,A0344,10855,Amazon
T02659,A0777,33509,Myntra
T02660,A0555,37993,Myntra
T02661,A0023,15942,Swiggy
T02662,A0754,39807,Zomato
T02663,A0338,14493,Flipkart
T02664,A0481,29369,Amazon
T02665,A0989,38808,Myntra
T02666,A0011,34381,Flipkart
T02667,A0241,31651,Swiggy
T02668,A0764,12458,Swiggy
T02669,A0909,37426,Amazon
T02670,A0400,46226,Myntra
T02671,A0860,12590,Zomato
T02672,A0764,10242,Flipkart
T02673,A0963,36356,Flipkart
T02674,A0455,45930,Zomato
T02675,A0362,2011,Zomato
T02676,A0174,852,Myntra
T02677,A0954,20304,Amazon
T02678,A0098,17267,Flipkart
T02679,A0569,31451,Zomato
T02680,A0465,22426,Swiggy
T02681,A0026,15789,Myntra
T02682,A0998,45485,Amazon
T02683,A0637,22090,Swiggy
T02684,A0148,34403,Myntra
T02685,A0463,43608,Amazon
T02686,A0525,30561,Amazon
T02687,A0351,30336,Myntra
T02688,A0158,16535,Flipkart
T02689,A0599,44147,Flipkart
T02690,A0068,41854,Flipkart
T02691,A0226,36043,Myntra
T02692,A0046,11774,Amazon
T02693,A0491,7079,Myntra
T02694,A0739,30711,Flipkart
T02695,A0713,38499,Amazon
T02696,A0832,5308,Flipkart
T02697,A0776,41135,Zomato
T02698,A0336,29184,Myntra
T02699,A0624,32016,Swiggy
T02700,A0041,11832,Zomato
T02701,A0385,35698,Flipkart
T02702,A0244,41344,Flipkart
T02703,A0977,41692,Swiggy
T02704,A0252,41924,Zomato
T02705,A0695,47785,Amazon
T02706,A0526,23689,Swiggy
T02707,A0697,34708,Myntra
T02708,A0352,27800,Myntra
T02709,A0918,26340,Myntra
T02710,A0998,2033,Flipkart
T02711,A0645,43295,Swiggy
T02712,A0350,19713,Swiggy
T02713,A0162,21689,Zomato
T02714,A0324,16088,Myntra
T02715,A0748,45067,Flipkart
T02716,A0550,878,Amazon
T02717,A0887,17993,Swiggy
T02718,A0583,8012,Flipkart
T02719,A0976,13900,Flipkart
T02720,A0307,18232,Myntra
T02721,A0538,44345,Amazon
T02722,A0451,46821,Amazon
T02723,A0922,20007,Flipkart
T02724,A0509,11476,Myntra
T02725,A0075,34865,Swiggy
T02726,A0143,8661,Flipkart
T02727,A0169,29217,Swiggy
T02728,A0976,37446,Myntra
T02729,A0535,48121,Swiggy
T02730,A0610,22730,Amazon
T02731,A0568,18940,Amazon
T02732,A0666,7254,Myntra
T02733,A0062,26952,Swiggy
T02734,A0024,14645,Swiggy
T02735,A0896,29216,Myntra
T02736,A0184,25428,Amazon
T02737,A0932,49264,Amazon
T02738,A0285,5914,Zomato
T02739,A0219,20937,Flipkart
T02740,A0890,41413,Flipkart
T02741,A0374,8887,Amazon
T02742,A0244,17868,Myntra
T02743,A0655,11044,Amazon
T02744,A0056,17107,Swiggy
T02745,A0569,35555,Swiggy
T02746,A0858,11644,Swiggy
T02747,A0822,41399,Swiggy
T02748,A0052,38536,Zomato
T02749,A0716,15756,Swiggy
T02750,A0893,37883,Flipkart
T02751,A0828,14213,Flipkart
T02752,A0458,31435,Amazon
T02753,A0401,44825,Flipkart
T02754,A0975,22280,Myntra
T02755,A0872,1221,Swiggy
T02756,A0157,6270,Zomato
T02757,A0879,33906,Flipkart
T02758,A0513,20316,Flipkart
T02759,A0798,16464,Myntra
T02760,A0187,5033,Flipkart
T02761,A0448,44551,Zomato
T02762,A0192,9905,Flipkart
T02763,A0631,19538,Swiggy
T02764,A0719,9525,Flipkart
T02765,A0291,43588,Zomato
T02766,A0605,39602,Swiggy
T02767,A0744,46815,Amazon
T02768,A0999,43649,Amazon
T02769,A0235,45814,Amazon
T02770,A0290,14228,Flipkart
T02771,A0539,9339,Amazon
T02772,A0369,35953,Amazon
T02773,A0891,8391,Flipkart
T02774,A0662,6758,Zomato
T02775,A0482,48652,Amazon
T02776,A0867,19890,Flipkart
T02777,A0705,38933,Flipkart
T02778,A0974,16099,Swiggy
T02779,A0590,35831,Myntra
T02780,A0092,8602,Myntra
T02781,A0211,13771,Myntra
T02782,A0677,30443,Myntra
T02783,A0853,4807,Flipkart
T02784,A0641,11786,Zomato
T02785,A0420,30586,Swiggy
T02786,A0104,28187,Zomato
T02787,A0557,20438,Flipkart
T02788,A0640,21341,Zomato
T02789,A0537,29494,Amazon
T02790,A0158,31903,Flipkart
T02791,A0127,18519,Swiggy
T02792,A0095,27857,Flipkart
T02793,A0764,2064,Amazon
T02794,A0908,38825,Swiggy
T02795,A0666,4643,Flipkart
T02796,A0362,35584,Flipkart
T02797,A0055,31183,Swiggy
T02798,A0554,17251,Amazon
T02799,A0979,27833,Zomato
T02800,A0967,7652,Zomato
T02801,A0916,23268,Amazon
T02802,A0745,390,Amazon
T02803,A0045,38527,Myntra
T02804,A0938,29938,Amazon
T02805,A0130,47544,Flipkart
T02806,A0126,33776,Amazon
T02807,A0726,25842,Myntra
T02808,A0749,11346,Myntra
T02809,A0093,26299,Amazon
T02810,A0529,39164,Amazon
T02811,A0220,39959,Flipkart
T02812,A0705,25819,Myntra
T02813,A0303,33480,Swiggy
T02814,A0833,41365,Flipkart
T02815,A0567,46828,Myntra
T02816,A0563,38793,Amazon
T02817,A0064,26764,Zomato
T02818,A0529,18204,Amazon
T02819,A0885,15460,Myntra
T02820,A0580,12044,Zomato
T02821,A0155,48362,Swiggy
T02822,A0146,28097,Myntra
T02823,A0875,19426,Flipkart
T02824,A0033,47535,Myntra
T02825,A0092,30215,Myntra
T02826,A0776,32143,Myntra
T02827,A0367,31214,Swiggy
T02828,A0065,28016,Swiggy
T02829,A0479,26618,Myntra
T02830,A0298,13009,Zomato
T02831,A0490,33387,Amazon
T02832,A0345,42260,Myntra
T02833,A0336,37803,Myntra
T02834,A0478,40325,Swiggy
T02835,A0197,26704,Swiggy
T02836,A0290,48529,Amazon
T02837,A0323,46054,Flipkart
T02838,A0535,2938,Flipkart
T02839,A0486,38077,Flipkart
T02840,A0022,10580,Myntra
T02841,A0791,13664,Swiggy
T02842,A0469,28105,Myntra
T02843,A0369,47326,Flipkart
T02844,A0718,19910,Amazon
T02845,A1000,30416,Myntra
T02846,A0759,20634,Swiggy
T02847,A0004,31159,Amazon
T02848,A0528,1882,Amazon
T02849,A0317,5325,Swiggy
T02850,A1000,23672,Amazon
T02851,A0817,43478,Amazon
T02852,A0361,23629,Amazon
T02853,A0918,3664,Myntra
T02854,A0098,1478,Zomato
T02855,A0132,38897,Myntra
T02856,A0631,39648,Zomato
T02857,A0238,6385,Amazon
T02858,A0642,12527,Flipkart
T02859,A0455,25729,Myntra
T02860,A0903,13662,Swiggy
T02861,A0956,43786,Amazon
T02862,A0087,30071,Flipkart
T02863,A0188,788,Zomato
T02864,A0807,47378,Amazon
T02865,A0019,5003,Amazon
T02866,A0685,48966,Zomato
T02867,A0372,17288,Myntra
T02868,A0216,23970,Swiggy
T02869,A0327,28113,Zomato
T02870,A0459,9915,Flipkart
T02871,A0566,32172,Swiggy
T02872,A0039,15969,Amazon
T02873,A0966,42676,Amazon
T02874,A0244,37295,Myntra
T02875,A0550,26372,Zomato
T02876,A0789,24770,Zomato
T02877,A0692,2554,Flipkart
T02878,A0290,7755,Zomato
T02879,A0631,24598,Flipkart
T02880,A0662,36423,Amazon
T02881,A0598,10402,Flipkart
T02882,A0176,21241,Flipkart
T02883,A0513,47127,Swiggy
T02884,A0385,12892,Myntra
T02885,A0296,36772,Flipkart
T02886,A0913,38797,Swiggy
T02887,A0797,35250,Zomato
T02888,A0117,29865,Myntra
T02889,A0772,31574,Zomato
T02890,A0706,19753,Myntra
T02891,A0680,27085,Myntra
T02892,A0174,4484,Flipkart
T02893,A0307,16140,Myntra
T02894,A0510,26569,Flipkart
T02895,A0777,28882,Amazon
T02896,A0865,47126,Flipkart
T02897,A0991,31368,Amazon
T02898,A0466,1680,Amazon
T02899,A0190,30018,Amazon
T02900,A0218,7346,Myntra
T02901,A0850,6077,Zomato
T02902,A0806,15388,Myntra
T02903,A0546,30279,Flipkart
T02904,A0863,38963,Swiggy
T02905,A0584,16286,Myntra
T02906,A0396,38314,Swiggy
T02907,A0796,26658,Zomato
T02908,A0513,8992,Myntra
T02909,A0207,37295,Zomato
T02910,A0958,6999,Myntra
T02911,A0660,33398,Flipkart
T02912,A0729,24543,Zomato
T02913,A0042,17917,Flipkart
T02914,A0816,24911,Myntra
T02915,A0182,47869,Flipkart
T02916,A0430,11992,Flipkart
T02917,A0454,17481,Amazon
T02918,A0882,41887,Amazon
T02919,A0086,24999,Myntra
T02920,A0897,47744,Swiggy
T02921,A0966,48824,Myntra
T02922,A0780,27936,Swiggy
T02923,A0137,44329,Flipkart
T02924,A0285,32023,Flipkart
T02925,A0760,26762,Flipkart
T02926,A0560,31899,Zomato
T02927,A0730,32842,Flipkart
T02928,A0902,11034,Zomato
T02929,A0674,22272,Myntra
T02930,A0808,24514,Flipkart
T02931,A0017,15579,Zomato
T02932,A0698,32958,Flipkart
T02933,A0549,44092,Amazon
T02934,A0708,21735,Amazon
T02935,A0755,38656,Amazon
T02936,A0844,38371,Myntra
T02937,A0165,32501,Amazon
T02938,A0203,14941,Flipkart
T02939,A0452,10367,Myntra
T02940,A0206,36915,Swiggy
T02941,A0949,13244,Amazon
T02942,A0315,7159,Myntra
T02943,A0149,31336,Swiggy
T02944,A0054,40285,Myntra
T02945,A0522,27679,Swiggy
T02946,A0273,23706,Swiggy
T02947,A0156,11643,Myntra
T02948,A0523,9585,Flipkart
T02949,A0958,5256,Amazon
T02950,A0963,21683,Myntra
T02951,A0220,5138,Myntra
T02952,A0868,456,Amazon
T02953,A0801,26418,Zomato
T02954,A0988,29422,Swiggy
T02955,A0496,31726,Flipkart
T02956,A0321,7245,Amazon
T02957,A0725,11535,Amazon
T02958,A0398,21696,Swiggy
T02959,A0289,41963,Swiggy
T02960,A0196,29711,Swiggy
T02961,A0116,26549,Amazon
T02962,A0445,1227,Myntra
T02963,A0529,47403,Swiggy
T02964,A0007,38791,Swiggy
T02965,A0952,22467,Flipkart
T02966,A0907,40054,Swiggy
T02967,A0140,31612,Swiggy
T02968,A0499,22127,Flipkart
T02969,A0951,7435,Amazon
T02970,A0928,33695,Myntra
T02971,A0392,10624,Amazon
T02972,A0940,27903,Flipkart
T02973,A0058,38104,Zomato
T02974,A0596,19099,Myntra
T02975,A0031,44067,Zomato
T02976,A0462,4652,Myntra
T02977,A0908,18815,Amazon
T02978,A0983,31461,Swiggy
T02979,A0135,14578,Flipkart
T02980,A0342,38166,Myntra
T02981,A0897,40490,Flipkart
T02982,A0869,34974,Zomato
T02983,A0837,45220,Swiggy
T02984,A0402,29672,Myntra
T02985,A0971,43274,Flipkart
T02986,A0428,37073,Swiggy
T02987,A0657,23603,Flipkart
T02988,A0404,30759,Swiggy
T02989,A0230,11277,Amazon
T02990,A0270,28066,Amazon
T02991,A0281,27250,Myntra
T02992,A0808,23655,Myntra
T02993,A0672,8276,Flipkart
T02994,A0592,33626,Myntra
T02995,A0747,21293,Myntra
T02996,A0041,43524,Myntra
T02997,A0927,43085,Zomato
T02998,A0226,37922,Flipkart
T02999,A0611,4091,Swiggy
T03000,A0825,26178,Flipkart
